split,role,phone,claimed_speaker,eer,dprime,genuine_mean,genuine_std,impostor_mean,impostor_std,genuine,impostor,false_accepts,false_rejects,far,frr
validation,verification,a,jvs007,0.10416666666666667,2.242138758655388,0.6611609762477623,0.12087237364046713,0.276140176187167,0.21063145650441928,30,432,5,12,0.011574074074074073,0.4
validation,verification,a,jvs016,0.03255813953488372,2.8870132289691783,0.7140800799482871,0.07320693221339794,0.24778340779627175,0.21636797127300783,32,430,0,7,0.0,0.21875
validation,verification,a,jvs021,0.037037037037037035,2.988747941557875,0.6426463671802837,0.07852565482810497,0.14197349316287108,0.22351539839246864,30,432,0,17,0.0,0.5666666666666667
validation,verification,a,jvs025,0.08857808857808858,2.5301737316027935,0.7054240171976497,0.10030231829910044,0.22518821787763316,0.2489782580919378,33,429,8,8,0.018648018648018648,0.24242424242424243
validation,verification,a,jvs026,0.0967741935483871,2.3138488096825554,0.6965370987136847,0.08688455164343245,0.21705428731498175,0.27988186964474954,31,431,17,11,0.03944315545243619,0.3548387096774194
validation,verification,a,jvs040,0.09090909090909091,2.718393245113502,0.6845855927936538,0.10553691881437001,0.22326513672836695,0.2155467854158453,33,429,1,13,0.002331002331002331,0.3939393939393939
validation,verification,a,jvs042,0.011655011655011656,4.37554012988896,0.7351482664141078,0.09150921789372646,0.13425569862971762,0.17130404508993538,33,429,0,7,0.0,0.21212121212121213
validation,verification,a,jvs045,0.11316397228637413,2.725728930866654,0.7117431371515276,0.10932941351845268,0.18041624417513427,0.2530664876718061,29,433,13,8,0.03002309468822171,0.27586206896551724
validation,verification,a,jvs053,0.05555555555555555,3.034017259919465,0.7112236175744665,0.10897037726840765,0.17096311103159376,0.2270279185356833,30,432,3,9,0.006944444444444444,0.3
validation,verification,a,jvs058,0.13921113689095127,2.228027259591398,0.6631993602937037,0.09806013939663617,0.274023019458315,0.22672795450729658,31,431,2,14,0.004640371229698376,0.45161290322580644
validation,verification,a,jvs068,0.06896551724137931,2.5400333854576918,0.6646224041050532,0.10920980844995823,0.2979130903257418,0.17250993801617653,29,433,5,14,0.011547344110854504,0.4827586206896552
validation,verification,a,jvs070,0.22863741339491916,1.5745053860109308,0.5212714684644982,0.0887976451663655,0.26893160534669064,0.20853161439616144,29,433,9,28,0.020785219399538105,0.9655172413793104
validation,verification,a,jvs075,0.04186046511627907,3.2265505784972413,0.6650977171505856,0.07269333144415158,0.2588868380015392,0.16252831079159022,32,430,0,14,0.0,0.4375
validation,verification,a,jvs077,0.048723897911832945,3.46353214161687,0.6754339052567065,0.10887349823427149,0.16245672618474302,0.1789373700416485,31,431,0,11,0.0,0.3548387096774194
validation,verification,a,jvs079,0.12009237875288684,2.5835168071270225,0.5981019596791949,0.10844874207073896,0.15832526384158938,0.21492167220703134,29,433,1,21,0.0023094688221709007,0.7241379310344828
validation,cross_text_verification,a,jvs007,0.07692307692307693,2.5028383180037768,0.6859791731156376,0.062241278014399735,0.31179973230880254,0.20205876567614287,13,127,4,3,0.031496062992125984,0.23076923076923078
validation,cross_text_verification,a,jvs016,0.1111111111111111,2.187357985925563,0.6312569662316466,0.0711788658919719,0.28188977965617523,0.21437168144350474,9,131,2,6,0.015267175572519083,0.6666666666666666
validation,cross_text_verification,a,jvs021,0.0364963503649635,2.572868902034026,0.5886842591605699,0.08966998348052813,0.13763186033407196,0.23114332398177248,3,137,0,2,0.0,0.6666666666666666
validation,cross_text_verification,a,jvs025,0.0916030534351145,2.855709930184426,0.779773280614248,0.07911575370720286,0.25942262190103227,0.24524409310619977,9,131,4,1,0.030534351145038167,0.1111111111111111
validation,cross_text_verification,a,jvs026,0.2,2.013586769411655,0.6746256266732699,0.08843414393944793,0.2590620271603134,0.2781449827588506,5,135,7,1,0.05185185185185185,0.2
validation,cross_text_verification,a,jvs040,0.07751937984496124,2.946652273879706,0.7147391477108879,0.06877679036827153,0.2582444762494404,0.208014468120995,11,129,0,2,0.0,0.18181818181818182
validation,cross_text_verification,a,jvs042,0.0,4.617805093961173,0.7463758447260684,0.08641948535430588,0.1335337115577679,0.16660456288872594,11,129,0,2,0.0,0.18181818181818182
validation,cross_text_verification,a,jvs045,0.12307692307692308,2.2104957380272854,0.6205004206091259,0.16794613832668773,0.16755352175536095,0.23615284583104507,10,130,1,6,0.007692307692307693,0.6
validation,cross_text_verification,a,jvs053,0.04580152671755725,2.9127319920012975,0.7155473212913813,0.05712771392037602,0.21234842859560882,0.2375444120696601,9,131,4,2,0.030534351145038167,0.2222222222222222
validation,cross_text_verification,a,jvs058,0.09523809523809523,2.212333778474433,0.6843013990315322,0.06406193040568929,0.3010354728793435,0.23647546839131625,14,126,3,5,0.023809523809523808,0.35714285714285715
validation,cross_text_verification,a,jvs068,0.06870229007633588,3.1310138892505086,0.6878065404440701,0.07269825518481914,0.29204393000210555,0.16330731797757406,9,131,1,2,0.007633587786259542,0.2222222222222222
validation,cross_text_verification,a,jvs070,0.25,1.5639924707955237,0.5180889914335914,0.09721702531530398,0.2786032231885753,0.19350233731971678,12,128,3,11,0.0234375,0.9166666666666666
validation,cross_text_verification,a,jvs075,0.038461538461538464,3.332903306196486,0.6801865101652268,0.09752671594688003,0.2719825142830051,0.14314248282417244,10,130,0,4,0.0,0.4
validation,cross_text_verification,a,jvs077,0.1,3.0244738727471865,0.6647783277529682,0.13630910314771133,0.18122790876131717,0.18039549949351857,10,130,0,4,0.0,0.4
validation,cross_text_verification,a,jvs079,0.1037037037037037,2.7308649757594283,0.55268603894613,0.08347985236215316,0.13882094942891038,0.19739927746948444,5,135,0,5,0.0,1.0
validation,verification,i,jvs007,0.06481481481481481,3.188289343773255,0.6924842943031545,0.07177937494422142,0.2667957720749313,0.1746451076359482,30,432,0,6,0.0,0.2
validation,verification,i,jvs016,0.15625,1.8690460146677035,0.5942465326685128,0.08298779730057466,0.33087725171870125,0.18117639733313545,32,430,5,24,0.011627906976744186,0.75
validation,verification,i,jvs021,0.1412037037037037,2.116523719882887,0.5920031029664108,0.08856059821481774,0.30178351084772725,0.1725146114339348,30,432,3,23,0.006944444444444444,0.7666666666666667
validation,verification,i,jvs025,0.15151515151515152,2.078464067968344,0.6402510662493167,0.08552637278611301,0.2713984152282829,0.23594960808194357,33,429,13,17,0.030303030303030304,0.5151515151515151
validation,verification,i,jvs026,0.12761020881670534,2.3269562714091436,0.6700030755049191,0.11822794776124747,0.26470538888065565,0.21609265833692617,31,431,9,12,0.02088167053364269,0.3870967741935484
validation,verification,i,jvs040,0.06060606060606061,2.625604482398734,0.6504168221621967,0.08685091390114204,0.2664096096644144,0.18771745140327123,33,429,4,16,0.009324009324009324,0.48484848484848486
validation,verification,i,jvs042,0.030303030303030304,3.1013925448990403,0.6900106506666072,0.0642856050688862,0.25208984200317175,0.1890581985863219,33,429,1,10,0.002331002331002331,0.30303030303030304
validation,verification,i,jvs045,0.025404157043879907,3.4203758508558955,0.7499069039222811,0.0809678876690188,0.1610665969409001,0.22960835570236207,29,433,1,4,0.0023094688221709007,0.13793103448275862
validation,verification,i,jvs053,0.0787037037037037,3.1802271388486814,0.7478383715153335,0.10619048179029023,0.16464109823846498,0.23660451350260817,30,432,11,5,0.02546296296296296,0.16666666666666666
validation,verification,i,jvs058,0.12903225806451613,2.0796072618178725,0.6031940378835223,0.08301262021420013,0.3271274722878959,0.1683855645656268,31,431,4,24,0.009280742459396751,0.7741935483870968
validation,verification,i,jvs068,0.034482758620689655,3.368129326747951,0.7317749310822738,0.09253508098160972,0.22393089042186268,0.19210941689676386,29,433,0,8,0.0,0.27586206896551724
validation,verification,i,jvs070,0.13793103448275862,2.266002387348094,0.6060846919094068,0.1399779748030631,0.246094010090658,0.17573549298000526,29,433,4,17,0.009237875288683603,0.5862068965517241
validation,verification,i,jvs075,0.09767441860465116,2.5328849529418487,0.617744287930807,0.10518428260717552,0.2739661268947601,0.16055940276271202,32,430,0,20,0.0,0.625
validation,verification,i,jvs077,0.0967741935483871,2.5197355077574546,0.6401656496558173,0.1278945979117638,0.273117475485849,0.16149946484099387,31,431,0,14,0.0,0.45161290322580644
validation,verification,i,jvs079,0.10344827586206896,2.688457242295679,0.6404295598939196,0.13105265696090776,0.19239914825505902,0.19588108939453386,29,433,9,12,0.020785219399538105,0.41379310344827586
validation,cross_text_verification,i,jvs007,0.11811023622047244,2.2503811215006566,0.6331287637807332,0.11049604784236448,0.2855059768371526,0.1884525048986785,13,127,1,6,0.007874015748031496,0.46153846153846156
validation,cross_text_verification,i,jvs016,0.2366412213740458,1.3763677154489256,0.5506251514753339,0.11342448540812217,0.34114137236784814,0.18293396943537638,9,131,1,8,0.007633587786259542,0.8888888888888888
validation,cross_text_verification,i,jvs021,0.2116788321167883,1.8071048383338124,0.5215324771260567,0.052682809133818856,0.31538661486718006,0.152482222813576,3,137,0,3,0.0,1.0
validation,cross_text_verification,i,jvs025,0.15267175572519084,2.2688051732722156,0.6453582494487683,0.10759908427992206,0.252582151795247,0.2199174220668056,9,131,4,5,0.030534351145038167,0.5555555555555556
validation,cross_text_verification,i,jvs026,0.16296296296296298,2.1610234740798853,0.6140914342930277,0.11146320251820196,0.2529789567857689,0.20838056942422495,5,135,3,4,0.022222222222222223,0.8
validation,cross_text_verification,i,jvs040,0.046511627906976744,2.947166642317772,0.644734902987264,0.0740471993326647,0.2549264871180108,0.1717711489705076,11,129,1,7,0.007751937984496124,0.6363636363636364
validation,cross_text_verification,i,jvs042,0.03875968992248062,3.274516388915227,0.7324381108674259,0.0695778522206103,0.2855581462675968,0.18002267463788343,11,129,2,2,0.015503875968992248,0.18181818181818182
validation,cross_text_verification,i,jvs045,0.1,2.8336360659671556,0.714249083166059,0.16243899583904814,0.18416590694280746,0.20881233129154367,10,130,2,2,0.015384615384615385,0.2
validation,cross_text_verification,i,jvs053,0.03816793893129771,3.1721348350687606,0.7128561719931314,0.09240052890181973,0.16360188614359567,0.22676816201463854,9,131,1,3,0.007633587786259542,0.3333333333333333
validation,cross_text_verification,i,jvs058,0.14285714285714285,2.0088113886947547,0.5996430968464964,0.07188432986066816,0.34739558731628384,0.16238398574009827,14,126,3,11,0.023809523809523808,0.7857142857142857
validation,cross_text_verification,i,jvs068,0.007633587786259542,3.2948526781717495,0.72404649637944,0.0744711558760735,0.2553147164708879,0.18689811377134094,9,131,0,1,0.0,0.1111111111111111
validation,cross_text_verification,i,jvs070,0.0546875,3.3479119994245776,0.711990543701697,0.10964965129148563,0.2584198968642646,0.15711744361561517,12,128,2,4,0.015625,0.3333333333333333
validation,cross_text_verification,i,jvs075,0.1,2.7480092826994666,0.6557134040383806,0.09054568643911164,0.2974331592091917,0.16061873981264682,10,130,0,4,0.0,0.4
validation,cross_text_verification,i,jvs077,0.2,1.4440357035921534,0.5030452297939175,0.15790807418152944,0.2826283328491518,0.14718246466349902,10,130,0,8,0.0,0.8
validation,cross_text_verification,i,jvs079,0.1111111111111111,2.853192394302045,0.6677582400405514,0.12676322349140262,0.22155014769281509,0.18123510921000024,5,135,4,2,0.02962962962962963,0.4
validation,verification,u,jvs007,0.11574074074074074,2.5095514438810533,0.5955004375715959,0.10967962475938596,0.20572047738349203,0.1903105380340915,30,432,5,17,0.011574074074074073,0.5666666666666667
validation,verification,u,jvs016,0.12558139534883722,1.9683080174873049,0.5705257052066701,0.13255354085757326,0.2532105775571041,0.18549463714931627,32,430,3,21,0.0069767441860465115,0.65625
validation,verification,u,jvs021,0.06666666666666667,2.676712850919609,0.6312968046397759,0.0925669747028518,0.2070037486403111,0.20416641509612085,30,432,4,14,0.009259259259259259,0.4666666666666667
validation,verification,u,jvs025,0.17249417249417248,1.911057681819576,0.5515430962893766,0.12934249356973213,0.21442627775657594,0.2133230990455669,33,429,7,24,0.016317016317016316,0.7272727272727273
validation,verification,u,jvs026,0.13225058004640372,2.195996523019124,0.5721381809489556,0.09478568723464126,0.1685622858448361,0.24200081713576313,31,431,5,23,0.01160092807424594,0.7419354838709677
validation,verification,u,jvs040,0.06060606060606061,2.9300137798086774,0.6276582313377678,0.0730281674056953,0.19891017092320434,0.19362761571643433,33,429,1,15,0.002331002331002331,0.45454545454545453
validation,verification,u,jvs042,0.06060606060606061,3.307596618183142,0.6800409939805158,0.10811722311779509,0.182376088504711,0.18326975263396586,33,429,1,8,0.002331002331002331,0.24242424242424243
validation,verification,u,jvs045,0.09468822170900693,2.6871918798445638,0.711961487441632,0.09337555252560967,0.20181040065028483,0.25172122999257557,29,433,9,6,0.020785219399538105,0.20689655172413793
validation,verification,u,jvs053,0.037037037037037035,3.373609567151634,0.7394688590627664,0.08277809325894483,0.16461173875655463,0.22631594103082806,30,432,6,3,0.013888888888888888,0.1
validation,verification,u,jvs058,0.10440835266821345,2.520207554339232,0.5933708859894895,0.09130370058369924,0.2092613038242231,0.19524958183555446,31,431,3,23,0.0069605568445475635,0.7419354838709677
validation,verification,u,jvs068,0.06896551724137931,2.7263097659287334,0.6806724162477218,0.09506008383587752,0.2350813408877118,0.2106883214230837,29,433,3,8,0.006928406466512702,0.27586206896551724
validation,verification,u,jvs070,0.20689655172413793,1.9128328172580156,0.5458022555275679,0.1560916600011857,0.20583382503235997,0.19700645293907454,29,433,5,19,0.011547344110854504,0.6551724137931034
validation,verification,u,jvs075,0.03125,3.3839977028299253,0.6626650357719612,0.09255492380547518,0.19079473024914897,0.17413083341170754,32,430,1,9,0.002325581395348837,0.28125
validation,verification,u,jvs077,0.0967741935483871,3.089993720693573,0.6507794612403085,0.138885936263177,0.20060447296278683,0.1521863338428613,31,431,0,10,0.0,0.3225806451612903
validation,verification,u,jvs079,0.1724137931034483,2.0791936882061703,0.5624389901200846,0.11535198249401583,0.19905141262180642,0.2185985928130718,29,433,11,23,0.025404157043879907,0.7931034482758621
validation,cross_text_verification,u,jvs007,0.1732283464566929,2.3973842191593877,0.5995815493576809,0.14628344156881007,0.19252020602930484,0.1904235480303701,13,127,1,7,0.007874015748031496,0.5384615384615384
validation,cross_text_verification,u,jvs016,0.1111111111111111,2.3667824581315213,0.5792457417900828,0.09174960195256975,0.2527556737684627,0.17216460199810002,9,131,1,7,0.007633587786259542,0.7777777777777778
validation,cross_text_verification,u,jvs021,0.0948905109489051,2.256690508483272,0.523884116669715,0.038763693665756764,0.20875724674184423,0.193640596472398,3,137,2,3,0.014598540145985401,1.0
validation,cross_text_verification,u,jvs025,0.13740458015267176,2.0769075586097916,0.6023582096790947,0.12155927663096654,0.22345786361071188,0.2275704304017253,9,131,5,7,0.03816793893129771,0.7777777777777778
validation,cross_text_verification,u,jvs026,0.08888888888888889,2.20760087394042,0.6264347615968638,0.11505701074630231,0.1859102048560757,0.25768487475321517,5,135,5,3,0.037037037037037035,0.6
validation,cross_text_verification,u,jvs040,0.09090909090909091,2.252577193517004,0.5637714549013899,0.09929715914709449,0.18816794048496213,0.213885794206942,11,129,2,9,0.015503875968992248,0.8181818181818182
validation,cross_text_verification,u,jvs042,0.031007751937984496,3.190534005955103,0.6605552331632594,0.08870889371680966,0.17653294567893293,0.19534581807305504,11,129,0,4,0.0,0.36363636363636365
validation,cross_text_verification,u,jvs045,0.16153846153846155,2.3060138144672453,0.6562354966033471,0.11256226576607567,0.20683286635015036,0.2515718899813465,10,130,6,5,0.046153846153846156,0.5
validation,cross_text_verification,u,jvs053,0.007633587786259542,3.453993800197593,0.7703018689531648,0.0604351363117627,0.14406507317117132,0.24918425807818861,9,131,3,0,0.022900763358778626,0.0
validation,cross_text_verification,u,jvs058,0.11904761904761904,2.407307167484687,0.5881383673858204,0.11900204540307688,0.2028605062993246,0.19252901014596957,14,126,0,8,0.0,0.5714285714285714
validation,cross_text_verification,u,jvs068,0.015267175572519083,3.2201992461149245,0.734546844965181,0.07340356167562867,0.23406600012370024,0.20717669523468168,9,131,2,1,0.015267175572519083,0.1111111111111111
validation,cross_text_verification,u,jvs070,0.1015625,2.530672634885467,0.5561698355648493,0.08739484109006941,0.19872972054596785,0.17961454089214707,12,128,1,9,0.0078125,0.75
validation,cross_text_verification,u,jvs075,0.07692307692307693,2.885534206789879,0.6152908242212737,0.08318384412122544,0.21276337508780138,0.1788856165770666,10,130,0,7,0.0,0.7
validation,cross_text_verification,u,jvs077,0.07692307692307693,3.2747340541338743,0.6532092534089625,0.11839469961224651,0.2101737763393506,0.15029610476781724,10,130,0,3,0.0,0.3
validation,cross_text_verification,u,jvs079,0.05185185185185185,2.953209922011543,0.6705938611032174,0.07467046324069718,0.19983038027960257,0.2127104906213047,5,135,2,2,0.014814814814814815,0.4
validation,verification,e,jvs007,0.06666666666666667,2.935561819585297,0.6773129387032857,0.11983249806338607,0.268343780350996,0.1563898004487048,30,432,2,12,0.004629629629629629,0.4
validation,verification,e,jvs016,0.13488372093023257,2.2665124378334647,0.6410358267372549,0.1405105720365574,0.24945873153815623,0.19988298283035388,32,430,3,16,0.0069767441860465115,0.5
validation,verification,e,jvs021,0.1087962962962963,2.5776116050526077,0.6601803515104993,0.13809695043760958,0.22035299983181586,0.19789122573747855,30,432,1,14,0.0023148148148148147,0.4666666666666667
validation,verification,e,jvs025,0.09090909090909091,2.582224489671264,0.6896315318834263,0.08340102590895368,0.26684776901904406,0.21600536452357325,33,429,9,12,0.02097902097902098,0.36363636363636365
validation,verification,e,jvs026,0.06496519721577726,2.75577609527767,0.7160413417466235,0.10577520203126521,0.15993355764522701,0.26505809285150556,31,431,4,10,0.009280742459396751,0.3225806451612903
validation,verification,e,jvs040,0.06993006993006994,2.693954192128996,0.6776005680757329,0.08807418239305587,0.2797089639587259,0.18939991436039613,33,429,2,16,0.004662004662004662,0.48484848484848486
validation,verification,e,jvs042,0.030303030303030304,3.6594062496755093,0.7308106970886248,0.1021844076349051,0.1545393427480288,0.19787923594802256,33,429,0,9,0.0,0.2727272727272727
validation,verification,e,jvs045,0.013856812933025405,3.240365642728561,0.8021298785890485,0.05005028836561377,0.15858518345515035,0.27637089056017194,29,433,9,0,0.020785219399538105,0.0
validation,verification,e,jvs053,0.03333333333333333,3.148606997719537,0.7266862617910169,0.06355665145430599,0.1711183072668928,0.2413066853587428,30,432,6,9,0.013888888888888888,0.3
validation,verification,e,jvs058,0.06451612903225806,2.9655125192402947,0.6534377397248797,0.09602908831959953,0.28502253635577257,0.14712649599164773,31,431,0,17,0.0,0.5483870967741935
validation,verification,e,jvs068,0.034482758620689655,3.021289590042891,0.7662574223678743,0.07717607991163959,0.2768689588471928,0.21568237824119377,29,433,5,4,0.011547344110854504,0.13793103448275862
validation,verification,e,jvs070,0.18937644341801385,1.8437148196990751,0.5857764664470387,0.10248993543761341,0.2724090428497127,0.21742165420630735,29,433,7,24,0.016166281755196306,0.8275862068965517
validation,verification,e,jvs075,0.04186046511627907,3.2103784026820756,0.6989782225790016,0.10065070907964808,0.24939682428363127,0.17056329952666988,32,430,0,12,0.0,0.375
validation,verification,e,jvs077,0.03225806451612903,3.477018158046482,0.6767067328763046,0.09776886441604529,0.23323590872912106,0.15157804105776626,31,431,0,16,0.0,0.5161290322580645
validation,verification,e,jvs079,0.09699769053117784,2.8134435674891214,0.6705939395489312,0.08396970767642961,0.15198524875157687,0.24679125921933834,29,433,16,16,0.03695150115473441,0.5517241379310345
validation,cross_text_verification,e,jvs007,0.07692307692307693,3.1040666147877207,0.6854651822604917,0.06366561396407354,0.2972686960260055,0.16500607708939835,13,127,1,4,0.007874015748031496,0.3076923076923077
validation,cross_text_verification,e,jvs016,0.061068702290076333,3.177652622705997,0.6849598992087704,0.08218509633009917,0.24232667991022794,0.17903120321683852,9,131,0,4,0.0,0.4444444444444444
validation,cross_text_verification,e,jvs021,0.10948905109489052,2.758290345823358,0.6758266983062442,0.15547287135133211,0.20343255965272614,0.18571612656255435,3,137,0,1,0.0,0.3333333333333333
validation,cross_text_verification,e,jvs025,0.06870229007633588,2.5452875408004525,0.6279559099409435,0.049618608027149805,0.26151962042346133,0.19746071531939444,9,131,4,8,0.030534351145038167,0.8888888888888888
validation,cross_text_verification,e,jvs026,0.2,2.16771387807538,0.6309789959124015,0.1535882760036246,0.1723683257884312,0.2567673457035678,5,135,0,3,0.0,0.6
validation,cross_text_verification,e,jvs040,0.14728682170542637,2.3012203929213593,0.5905712831413944,0.0888956031248257,0.26155310822458966,0.1816082832516686,11,129,0,9,0.0,0.8181818181818182
validation,cross_text_verification,e,jvs042,0.015503875968992248,3.890366252967301,0.7622892058499198,0.09823247043112425,0.14447881648602273,0.20196178995103675,11,129,0,2,0.0,0.18181818181818182
validation,cross_text_verification,e,jvs045,0.015384615384615385,3.451431481832875,0.776435488586624,0.04705373207505096,0.16602748543807413,0.2456468426381529,10,130,2,1,0.015384615384615385,0.1
validation,cross_text_verification,e,jvs053,0.061068702290076333,3.166992645384091,0.7077357741703163,0.0944332134928549,0.15465019034506566,0.2282127646421065,9,131,1,3,0.007633587786259542,0.3333333333333333
validation,cross_text_verification,e,jvs058,0.10317460317460317,2.644518027852076,0.6310488086006453,0.07701329427573976,0.3064136234254652,0.1555888873249967,14,126,0,10,0.0,0.7142857142857143
validation,cross_text_verification,e,jvs068,0.015267175572519083,3.068915242183196,0.7632563356605672,0.06551840912465949,0.271127895938738,0.21711151571089907,9,131,1,1,0.007633587786259542,0.1111111111111111
validation,cross_text_verification,e,jvs070,0.109375,2.559338950899765,0.6413494737767063,0.06638565338326963,0.26752114148302875,0.19560820127530232,12,128,1,8,0.0078125,0.6666666666666666
validation,cross_text_verification,e,jvs075,0.007692307692307693,3.214060456310219,0.7148778306074861,0.07460036261007882,0.2757276846158903,0.1782484823291756,10,130,0,4,0.0,0.4
validation,cross_text_verification,e,jvs077,0.07692307692307693,2.9751088573644733,0.5961565270427316,0.09730323855270111,0.21723310286515418,0.15157684836559734,10,130,0,8,0.0,0.8
validation,cross_text_verification,e,jvs079,0.2,2.128891040192305,0.5520748900613398,0.12181682919474984,0.16879683972138082,0.22357756770074522,5,135,2,4,0.014814814814814815,0.8
validation,verification,o,jvs007,0.034722222222222224,3.169237743275158,0.6435680127746657,0.10518312238301705,0.21353829988036163,0.16049719976808474,30,432,2,9,0.004629629629629629,0.3
validation,verification,o,jvs016,0.08604651162790698,2.792660975084256,0.5981787639136741,0.09978760298047655,0.184552813179356,0.18416466855649574,32,430,4,16,0.009302325581395349,0.5
validation,verification,o,jvs021,0.1,2.7565857384842447,0.6504558549245865,0.15035993613844276,0.11939208266241436,0.2272048405060824,30,432,2,9,0.004629629629629629,0.3
validation,verification,o,jvs025,0.12121212121212122,2.469055475439744,0.6176379761162191,0.11020193522558237,0.16692156920378515,0.23345594585109783,33,429,7,14,0.016317016317016316,0.42424242424242425
validation,verification,o,jvs026,0.1368909512761021,2.2399925763640587,0.5616045453750648,0.10725607780033529,0.1365707688309163,0.24597688372738763,31,431,4,20,0.009280742459396751,0.6451612903225806
validation,verification,o,jvs040,0.011655011655011656,3.9488180669069304,0.6792097654196739,0.08022265998553021,0.18380875136606975,0.15824821819438176,33,429,0,7,0.0,0.21212121212121213
validation,verification,o,jvs042,0.011655011655011656,3.300855303921859,0.663972876685325,0.10510245009636984,0.09555609728392012,0.21968417461135592,33,429,0,10,0.0,0.30303030303030304
validation,verification,o,jvs045,0.10344827586206896,2.568969669081028,0.6129713936762019,0.10561046390795621,0.17323118990463104,0.2178241120439834,29,433,8,10,0.018475750577367205,0.3448275862068966
validation,verification,o,jvs053,0.016203703703703703,3.943818681970739,0.7735370320935459,0.09152732753773729,0.06094188036955907,0.23857501206891,30,432,4,3,0.009259259259259259,0.1
validation,verification,o,jvs058,0.03225806451612903,2.95648283854119,0.6333622012884469,0.08710661131801425,0.19347309212046884,0.1915415469099002,31,431,4,9,0.009280742459396751,0.2903225806451613
validation,verification,o,jvs068,0.08545034642032333,2.405925169271332,0.6588182109704436,0.09620239725479943,0.2347617647523543,0.22994951561159682,29,433,9,8,0.020785219399538105,0.27586206896551724
validation,verification,o,jvs070,0.13793103448275862,2.1475402521504994,0.5902563285510695,0.1510633028796802,0.1783909260493036,0.22526125930393248,29,433,9,15,0.020785219399538105,0.5172413793103449
validation,verification,o,jvs075,0.08372093023255814,2.5520303519634004,0.5635445603275354,0.09962952234190173,0.20011712839504034,0.17502446982234512,32,430,1,19,0.002325581395348837,0.59375
validation,verification,o,jvs077,0.07424593967517401,2.6155901631562024,0.5426987465965425,0.13605688049150821,0.1813212002315686,0.14023731407686102,31,431,0,19,0.0,0.6129032258064516
validation,verification,o,jvs079,0.20092378752886836,1.6788055715705235,0.4993974381079151,0.15063564034405905,0.17649691619129262,0.22649022824254111,29,433,10,21,0.023094688221709007,0.7241379310344828
validation,cross_text_verification,o,jvs007,0.07692307692307693,3.0062455861266972,0.6651216955196703,0.08976763391645558,0.25145964971273044,0.1726550829167668,13,127,0,3,0.0,0.23076923076923078
validation,cross_text_verification,o,jvs016,0.1111111111111111,2.197100452885378,0.5673313321247694,0.14878808967986018,0.19701023717496172,0.1862263466210447,9,131,1,5,0.007633587786259542,0.5555555555555556
validation,cross_text_verification,o,jvs021,0.014598540145985401,3.1569286778453955,0.6517021833441227,0.10106843557903981,0.10896994094918047,0.22112583132332497,3,137,0,1,0.0,0.3333333333333333
validation,cross_text_verification,o,jvs025,0.1450381679389313,2.226264784471637,0.5933801026758658,0.11145519816380185,0.19352976918461195,0.22824178273252144,9,131,5,4,0.03816793893129771,0.4444444444444444
validation,cross_text_verification,o,jvs026,0.2,1.9514107334841395,0.5504799559542939,0.13447757552503084,0.17432484693223133,0.23712672045975078,5,135,0,4,0.0,0.8
validation,cross_text_verification,o,jvs040,0.09090909090909091,3.3654141214317477,0.6594624097575248,0.1139966461329883,0.19710354244679842,0.1573349217567822,11,129,1,3,0.007751937984496124,0.2727272727272727
validation,cross_text_verification,o,jvs042,0.07751937984496124,2.727280755340833,0.6126635192079442,0.1653440262168901,0.09663693487709203,0.21038438304659934,11,129,0,5,0.0,0.45454545454545453
validation,cross_text_verification,o,jvs045,0.12307692307692308,2.3167817066202203,0.582229088731653,0.12165385189219453,0.16941848838316712,0.22067746831786875,10,130,3,5,0.023076923076923078,0.5
validation,cross_text_verification,o,jvs053,0.015267175572519083,3.6501780425528767,0.7320288413722662,0.10187213529516663,0.06498900225007971,0.23751030625627204,9,131,2,0,0.015267175572519083,0.0
validation,cross_text_verification,o,jvs058,0.03968253968253968,3.0264604170100298,0.6349984458830873,0.07537072779757317,0.20752351068442934,0.18498655739016243,14,126,3,5,0.023809523809523808,0.35714285714285715
validation,cross_text_verification,o,jvs068,0.1111111111111111,2.690971633281409,0.6986490155485561,0.0970561014073699,0.2576518398118477,0.21046045551021028,9,131,5,1,0.03816793893129771,0.1111111111111111
validation,cross_text_verification,o,jvs070,0.21875,1.889584222459429,0.5325987257027619,0.15009953280029104,0.18591604443612167,0.21164326100299652,12,128,3,8,0.0234375,0.6666666666666666
validation,cross_text_verification,o,jvs075,0.06923076923076923,2.793390891798649,0.5654472041222666,0.07648017994899693,0.20584935790681697,0.1652103586028267,10,130,1,8,0.007692307692307693,0.8
validation,cross_text_verification,o,jvs077,0.1,2.03279902797857,0.49962059055030456,0.17454861420882,0.18161350296027626,0.13593564475335868,10,130,1,6,0.007692307692307693,0.6
validation,cross_text_verification,o,jvs079,0.2,2.3680064546630364,0.6217887857644433,0.13455999320763468,0.17791905274058076,0.22839543044728414,5,135,5,1,0.037037037037037035,0.2
validation,verification,m,jvs007,0.05787037037037037,3.2418738692451985,0.5878213847817392,0.13190044950477806,0.12718564577388836,0.15159497389049734,30,432,0,18,0.0,0.6
validation,verification,m,jvs016,0.09375,2.432328822007683,0.5941252640321848,0.11697915457876823,0.2091310809529584,0.19084638266988868,32,430,4,16,0.009302325581395349,0.5
validation,verification,m,jvs021,0.06666666666666667,2.968871632985806,0.6576217104371319,0.13341823877808098,0.14121959861889313,0.20666160571297065,30,432,0,9,0.0,0.3
validation,verification,m,jvs025,0.04895104895104895,2.9745700799557775,0.6720480506530999,0.09289375545262551,0.13351536896962982,0.2385911437948266,33,429,6,8,0.013986013986013986,0.24242424242424243
validation,verification,m,jvs026,0.0967741935483871,2.4515144780075437,0.5911338765467958,0.11420234908032849,0.14036579202249036,0.2336163791503809,31,431,3,16,0.0069605568445475635,0.5161290322580645
validation,verification,m,jvs040,0.046620046620046623,3.210936023172139,0.6848395179863112,0.08039444746878377,0.19070957096054006,0.20223947629713318,33,429,8,8,0.018648018648018648,0.24242424242424243
validation,verification,m,jvs042,0.023310023310023312,4.088103001647175,0.7625451242780392,0.06570967278011955,0.12804939183390923,0.20942703272996938,33,429,3,1,0.006993006993006993,0.030303030303030304
validation,verification,m,jvs045,0.13394919168591224,2.601629107760608,0.6512511281334642,0.10708167104896114,0.18057846783101364,0.2323654290635903,29,433,10,8,0.023094688221709007,0.27586206896551724
validation,verification,m,jvs053,0.013888888888888888,3.728763098007674,0.7242893801688438,0.06092341788185585,0.05765548135421403,0.2453853991567736,30,432,0,1,0.0,0.03333333333333333
validation,verification,m,jvs058,0.06728538283062645,2.7663577547873213,0.6631311860448189,0.07203703104835749,0.24248065514448922,0.20261972053932265,31,431,13,8,0.030162412993039442,0.25806451612903225
validation,verification,m,jvs068,0.10344827586206896,2.455226562283474,0.6624926143906756,0.10399301297498045,0.19323741862531502,0.24948545134692013,29,433,4,10,0.009237875288683603,0.3448275862068966
validation,verification,m,jvs070,0.050808314087759814,2.994138677797962,0.6383441461677855,0.06833271224876693,0.23268711277593915,0.17900367280302257,29,433,7,11,0.016166281755196306,0.3793103448275862
validation,verification,m,jvs075,0.05581395348837209,3.033958199341332,0.6525341426554883,0.06359593104626209,0.22837450935043282,0.18720550315896045,32,430,1,9,0.002325581395348837,0.28125
validation,verification,m,jvs077,0.05104408352668213,2.898746511701542,0.6416608741113421,0.10274577993379475,0.19431555768252584,0.19254848668820027,31,431,1,14,0.002320185614849188,0.45161290322580644
validation,verification,m,jvs079,0.06896551724137931,3.3054337745994733,0.6899559447099979,0.12183238900765815,0.09999257802092457,0.22106368248895622,29,433,4,7,0.009237875288683603,0.2413793103448276
validation,cross_text_verification,m,jvs007,0.07692307692307693,3.1706561654962058,0.5666057710271312,0.09445513302630308,0.144721603575019,0.162750096948177,13,127,0,10,0.0,0.7692307692307693
validation,cross_text_verification,m,jvs016,0.04580152671755725,3.023821181375031,0.615196876999359,0.06212709328348937,0.2144325094357942,0.17683796883706993,9,131,0,3,0.0,0.3333333333333333
validation,cross_text_verification,m,jvs021,0.145985401459854,1.9739891118468622,0.5000754169015362,0.13513027186240564,0.15674038652335637,0.205530493338016,3,137,0,2,0.0,0.6666666666666666
validation,cross_text_verification,m,jvs025,0.04580152671755725,2.679838276436882,0.6142472074576616,0.0448882520430233,0.1661916066004519,0.23214950122259942,9,131,2,3,0.015267175572519083,0.3333333333333333
validation,cross_text_verification,m,jvs026,0.17777777777777778,2.4486407000817327,0.6032599369773323,0.11258421775961396,0.1556835755729995,0.2326928779729203,5,135,0,2,0.0,0.4
validation,cross_text_verification,m,jvs040,0.07751937984496124,2.9614172088058215,0.655568053701635,0.0679947035992726,0.20175380034690513,0.20577438662199327,11,129,5,2,0.03875968992248062,0.18181818181818182
validation,cross_text_verification,m,jvs042,0.0,4.312293892246971,0.7800026199923731,0.08684917478755015,0.11184513442211007,0.20117544960224476,11,129,0,1,0.0,0.09090909090909091
validation,cross_text_verification,m,jvs045,0.09230769230769231,2.5816012751628254,0.6464683289740825,0.07326481257348591,0.18472592846708866,0.242101816364615,10,130,6,4,0.046153846153846156,0.4
validation,cross_text_verification,m,jvs053,0.0,3.568942821396826,0.7366068428873231,0.05907605802992544,0.08539434389141741,0.25119328278987585,9,131,1,0,0.007633587786259542,0.0
validation,cross_text_verification,m,jvs058,0.023809523809523808,2.922802107479042,0.6776912972954628,0.05313753787126072,0.24797799435466422,0.20101431249451052,14,126,3,2,0.023809523809523808,0.14285714285714285
validation,cross_text_verification,m,jvs068,0.04580152671755725,2.5745880840044166,0.6678141961099622,0.11241791172803446,0.17831720751912694,0.24425039875868276,9,131,1,4,0.007633587786259542,0.4444444444444444
validation,cross_text_verification,m,jvs070,0.0546875,2.9054617798420503,0.6145199889392126,0.06118189657936827,0.23469531178663058,0.17446002418758197,12,128,2,5,0.015625,0.4166666666666667
validation,cross_text_verification,m,jvs075,0.1,2.563432745813909,0.6105419801303428,0.11283945788707155,0.21569315785715718,0.18632907995513934,10,130,0,3,0.0,0.3
validation,cross_text_verification,m,jvs077,0.1,3.1862434052315707,0.6292707633314143,0.12090876418691238,0.1884506964823177,0.1538281101333582,10,130,0,4,0.0,0.4
validation,cross_text_verification,m,jvs079,0.014814814814814815,3.257660906956171,0.6361791256914978,0.04890825518882573,0.11979511279751402,0.21877201350739411,5,135,1,2,0.007407407407407408,0.4
validation,verification,n,jvs007,0.06666666666666667,2.9273494811351397,0.5752765982346569,0.11418813513082203,0.146715482953014,0.17270327130462843,30,432,0,17,0.0,0.5666666666666667
validation,verification,n,jvs016,0.125,2.3762663399984687,0.5636442179581261,0.10664354426653498,0.24514686372780692,0.15670569533949733,32,430,3,20,0.0069767441860465115,0.625
validation,verification,n,jvs021,0.06666666666666667,2.9541834362653483,0.6673159582505837,0.10917669546909982,0.13624941815240596,0.2295936565972288,30,432,5,9,0.011574074074074073,0.3
validation,verification,n,jvs025,0.07226107226107226,2.6314901084398286,0.6019782155936461,0.07967194870241513,0.20294039462648863,0.19910161007015825,33,429,4,20,0.009324009324009324,0.6060606060606061
validation,verification,n,jvs026,0.12761020881670534,2.473079002142682,0.6203169379415289,0.11476005795337567,0.16535894943265073,0.23348614389998656,31,431,4,11,0.009280742459396751,0.3548387096774194
validation,verification,n,jvs040,0.08857808857808858,2.6872040184854025,0.6447196861407384,0.09928356279908286,0.20533891838849933,0.208836898599999,33,429,5,10,0.011655011655011656,0.30303030303030304
validation,verification,n,jvs042,0.0,5.3449061098006965,0.8245692192049126,0.06032308613603371,0.08411771612505149,0.18639874631255166,33,429,0,0,0.0,0.0
validation,verification,n,jvs045,0.034482758620689655,3.032201135536685,0.7157244922012422,0.075394612137981,0.16710712139859843,0.24451436214059832,29,433,12,2,0.02771362586605081,0.06896551724137931
validation,verification,n,jvs053,0.0,3.9729679741031623,0.7516335397893524,0.06968778906019643,-4.205824567013769e-05,0.25833117914184534,30,432,0,1,0.0,0.03333333333333333
validation,verification,n,jvs058,0.08584686774941995,2.2849920204158263,0.6040067582639357,0.08355622070776197,0.24909851698348573,0.20314491080455274,31,431,6,19,0.013921113689095127,0.6129032258064516
validation,verification,n,jvs068,0.03233256351039261,2.9095207297491994,0.7339542908941625,0.07641439197020927,0.23533680646929905,0.22999834295740368,29,433,8,3,0.018475750577367205,0.10344827586206896
validation,verification,n,jvs070,0.07390300230946882,2.557047643385433,0.6084712935963957,0.10485498427737021,0.20680102807269368,0.19584675402628046,29,433,11,15,0.025404157043879907,0.5172413793103449
validation,verification,n,jvs075,0.09375,2.70821856078307,0.645945083347591,0.12626484247158293,0.21943309593284635,0.1834724623244809,32,430,2,13,0.004651162790697674,0.40625
validation,verification,n,jvs077,0.0967741935483871,2.7700674479095935,0.6422854254001183,0.10924293902274841,0.18634633464225955,0.20554554263707234,31,431,1,9,0.002320185614849188,0.2903225806451613
validation,verification,n,jvs079,0.10161662817551963,2.767201399222684,0.5800866083396922,0.1179073375729189,0.16119762601713386,0.17868264582754037,29,433,3,16,0.006928406466512702,0.5517241379310345
validation,cross_text_verification,n,jvs007,0.03937007874015748,3.1136301761756746,0.5925896114637003,0.10800518068756598,0.16665620499610206,0.1605035587058881,13,127,0,7,0.0,0.5384615384615384
validation,cross_text_verification,n,jvs016,0.10687022900763359,2.2741384123053163,0.5275478809387928,0.060899248707035225,0.2670841509861315,0.1500895215551697,9,131,0,8,0.0,0.8888888888888888
validation,cross_text_verification,n,jvs021,0.0072992700729927005,2.823245285063686,0.6036900229556955,0.052989530108067326,0.1253132565752583,0.23369509572443242,3,137,0,2,0.0,0.6666666666666666
validation,cross_text_verification,n,jvs025,0.1111111111111111,2.2937922820457453,0.5761937612281788,0.09744686068258182,0.21246591708848866,0.20197359113079782,9,131,1,5,0.007633587786259542,0.5555555555555556
validation,cross_text_verification,n,jvs026,0.11851851851851852,2.123937939173271,0.5743487741817959,0.07505189047579579,0.19928620254097737,0.2381891328952734,5,135,1,3,0.007407407407407408,0.6
validation,cross_text_verification,n,jvs040,0.03875968992248062,2.6722340371107105,0.6514835777407321,0.05432136667234689,0.21862467522357007,0.22254608426835318,11,129,2,3,0.015503875968992248,0.2727272727272727
validation,cross_text_verification,n,jvs042,0.08527131782945736,3.8626170256755064,0.7424039520365869,0.14748724659582435,0.08311071516621855,0.19108815653085454,11,129,0,1,0.0,0.09090909090909091
validation,cross_text_verification,n,jvs045,0.05384615384615385,3.1099263914451396,0.7285732914485038,0.0675033070385665,0.1518641226477923,0.253417333030465,10,130,4,1,0.03076923076923077,0.1
validation,cross_text_verification,n,jvs053,0.0,3.789604720761062,0.7611541623715344,0.07737504772553629,0.013984652462890974,0.26787969567798675,9,131,0,0,0.0,0.0
validation,cross_text_verification,n,jvs058,0.1349206349206349,2.055155033383881,0.6022909158381561,0.11114978305320208,0.25714886567057554,0.20988851481696294,14,126,1,6,0.007936507936507936,0.42857142857142855
validation,cross_text_verification,n,jvs068,0.007633587786259542,3.1160891973016644,0.7448906732193193,0.05955351425279589,0.21352148809532445,0.23368891450377394,9,131,1,0,0.007633587786259542,0.0
validation,cross_text_verification,n,jvs070,0.15625,2.5689696157223425,0.6248870749835383,0.12206831141317258,0.1947668642087116,0.20288991789487212,12,128,3,5,0.0234375,0.4166666666666667
validation,cross_text_verification,n,jvs075,0.16923076923076924,2.3271189331604876,0.5744461679321174,0.12067666297512117,0.20230001750101886,0.19126973507718115,10,130,0,5,0.0,0.5
validation,cross_text_verification,n,jvs077,0.1,2.5711804647712917,0.5650369623966398,0.09410622046010422,0.16165430167287817,0.2009242673770214,10,130,0,6,0.0,0.6
validation,cross_text_verification,n,jvs079,0.05925925925925926,2.951000171897484,0.5495809132420933,0.059634448928421055,0.15486548921563034,0.17951414863995677,5,135,0,4,0.0,0.8
validation,verification,s,jvs007,0.2037037037037037,1.4711959690839662,0.6947645020823917,0.08987511494180338,0.5040459733201422,0.15979031265843288,30,432,8,24,0.018518518518518517,0.8
validation,verification,s,jvs016,0.2534883720930233,1.2536962826726232,0.6804904751452711,0.09354924259586506,0.519046069427377,0.1562510915405131,32,430,6,25,0.013953488372093023,0.78125
validation,verification,s,jvs021,0.13194444444444445,2.5849263129162696,0.7107784791107232,0.11055309833438044,0.31374449648372466,0.18697964989519703,30,432,2,20,0.004629629629629629,0.6666666666666666
validation,verification,s,jvs025,0.02564102564102564,2.8476347372700688,0.8108612463258806,0.04244832338271193,0.46001959351107086,0.16898780670335734,33,429,6,5,0.013986013986013986,0.15151515151515152
validation,verification,s,jvs026,0.03225806451612903,2.882790044321365,0.8256124925857323,0.052059625053261525,0.4411341270144161,0.18128715036761717,31,431,3,4,0.0069605568445475635,0.12903225806451613
validation,verification,s,jvs040,0.1351981351981352,2.0423544375308382,0.7136445397259159,0.07059607133648685,0.48306827542992065,0.14320540195526532,33,429,2,25,0.004662004662004662,0.7575757575757576
validation,verification,s,jvs042,0.13053613053613053,2.0973234355534585,0.7059408562297286,0.09596625483700434,0.4611563859161891,0.13429158115543124,33,429,0,24,0.0,0.7272727272727273
validation,verification,s,jvs045,0.13793103448275862,2.4470080710236335,0.784722392070068,0.10484431614707639,0.49565284013946803,0.13006894292209562,29,433,3,8,0.006928406466512702,0.27586206896551724
validation,verification,s,jvs053,0.06666666666666667,3.1334446572228027,0.8341583395458588,0.07862565047495605,0.384419570535793,0.1871333657421849,30,432,4,4,0.009259259259259259,0.13333333333333333
validation,verification,s,jvs058,0.07424593967517401,2.319394623257093,0.7865896515241997,0.0690999697956614,0.4964922750322782,0.16282662557209118,31,431,10,10,0.02320185614849188,0.3225806451612903
validation,verification,s,jvs068,0.13793103448275862,2.1420001585022717,0.6928965830822873,0.10048729396216484,0.39475270158009684,0.16926229553831448,29,433,1,20,0.0023094688221709007,0.6896551724137931
validation,verification,s,jvs070,0.10344827586206896,2.236899410893504,0.7447015019951903,0.060924244453205066,0.5192212196032445,0.12887848758581466,29,433,5,19,0.011547344110854504,0.6551724137931034
validation,verification,s,jvs075,0.0625,3.1185894756961248,0.7520189524221694,0.06894593572738278,0.45017588095361055,0.11824728373850889,32,430,1,17,0.002325581395348837,0.53125
validation,verification,s,jvs077,0.16129032258064516,1.9463654760705742,0.7232223264300405,0.08557796054365736,0.5126215134239432,0.12685344836241594,31,431,10,21,0.02320185614849188,0.6774193548387096
validation,verification,s,jvs079,0.10344827586206896,2.7970116260706313,0.7157863999793473,0.08258299855405628,0.3426399762352768,0.16963475994005373,29,433,3,20,0.006928406466512702,0.6896551724137931
validation,cross_text_verification,s,jvs007,0.23076923076923078,1.0323445267592388,0.6679976351624946,0.13440559892759943,0.5203056362332463,0.15122869399065744,13,127,2,10,0.015748031496062992,0.7692307692307693
validation,cross_text_verification,s,jvs016,0.3333333333333333,1.1279068673264057,0.6663834344459189,0.10232043156745284,0.5268008989612233,0.1419874515315507,9,131,5,6,0.03816793893129771,0.6666666666666666
validation,cross_text_verification,s,jvs021,0.021897810218978103,3.4494594333463735,0.767236024451107,0.04976959425339108,0.32338402131997207,0.17503264265607435,3,137,1,2,0.0072992700729927005,0.6666666666666666
validation,cross_text_verification,s,jvs025,0.007633587786259542,3.2597676063258145,0.8210163849976228,0.047391730429889846,0.4585688132437069,0.14993211477916754,9,131,1,2,0.007633587786259542,0.2222222222222222
validation,cross_text_verification,s,jvs026,0.17777777777777778,2.205291684943761,0.7568045201183654,0.08258274578627381,0.46434294917853913,0.16839004019926448,5,135,1,2,0.007407407407407408,0.4
validation,cross_text_verification,s,jvs040,0.2727272727272727,1.6422651849677519,0.6836128117482461,0.09529052897680856,0.48949740520084284,0.1373393522919365,11,129,0,8,0.0,0.7272727272727273
validation,cross_text_verification,s,jvs042,0.18181818181818182,1.4835008693743768,0.6598662626948073,0.14092711356530377,0.4638932200848275,0.12264292408583552,11,129,0,7,0.0,0.6363636363636364
validation,cross_text_verification,s,jvs045,0.023076923076923078,2.941289168151142,0.8287471154386505,0.06088761703113325,0.5115252375839812,0.1398445796833547,10,130,0,2,0.0,0.2
validation,cross_text_verification,s,jvs053,0.03816793893129771,3.094210131747606,0.8086793984212356,0.04869375971398928,0.38988079847002166,0.18511532378957798,9,131,1,1,0.007633587786259542,0.1111111111111111
validation,cross_text_verification,s,jvs058,0.14285714285714285,2.1163234674876423,0.7812976389071353,0.07002786066522955,0.5243659137392864,0.1567620050261856,14,126,3,5,0.023809523809523808,0.35714285714285715
validation,cross_text_verification,s,jvs068,0.16030534351145037,1.8556862013497826,0.6571908724827513,0.12887080891583783,0.3979376338850257,0.14976205547905205,9,131,0,8,0.0,0.8888888888888888
validation,cross_text_verification,s,jvs070,0.203125,1.6895691643061386,0.7162577917121059,0.06035618064839557,0.5463814699439993,0.12874544617487077,12,128,2,10,0.015625,0.8333333333333334
validation,cross_text_verification,s,jvs075,0.1,2.766820430788619,0.7458650658556618,0.08831656939273884,0.46191985965218924,0.11516945480714835,10,130,0,5,0.0,0.5
validation,cross_text_verification,s,jvs077,0.3,1.1252217696279172,0.6551934618198498,0.10548703761775412,0.5243465652284066,0.12616293850147225,10,130,2,9,0.015384615384615385,0.9
validation,cross_text_verification,s,jvs079,0.0962962962962963,2.662056270461703,0.690851850620543,0.08464182253939512,0.3570726553416717,0.1558141327099024,5,135,0,4,0.0,0.8
test,verification,a,jvs003,0.03225806451612903,3.7821580589725152,0.678433977362619,0.09149190539161382,0.2098191749437986,0.1494401596831164,31,417,0,14,0.0,0.45161290322580644
test,verification,a,jvs005,0.08353221957040573,2.797915409390207,0.5735394135085742,0.13729931751412505,0.17105843471481577,0.1501156774956619,29,419,0,22,0.0,0.7586206896551724
test,verification,a,jvs006,0.12903225806451613,2.6132095348190694,0.6447347392448174,0.1139437951342214,0.19098620060755972,0.21752258464366714,31,417,5,15,0.011990407673860911,0.4838709677419355
test,verification,a,jvs010,0.06451612903225806,2.658341486923871,0.6863114636361536,0.09654820749455255,0.26398272333234857,0.20287268442928705,31,417,4,7,0.009592326139088728,0.22580645161290322
test,verification,a,jvs015,0.12903225806451613,2.2083519324790295,0.716642970557621,0.08334564699789532,0.2830228490447713,0.26488447058656783,31,417,16,9,0.03836930455635491,0.2903225806451613
test,verification,a,jvs017,0.04066985645933014,3.1106705368232586,0.7319910736792898,0.08424158429323533,0.26200697506014925,0.1963628013912023,30,418,3,6,0.007177033492822967,0.2
test,verification,a,jvs024,0.05,2.807843696295923,0.6446948330517189,0.07655274179318569,0.2096364547893017,0.20531665711977817,28,420,2,15,0.004761904761904762,0.5357142857142857
test,verification,a,jvs029,0.06009615384615385,2.8958304145503937,0.7613437146632761,0.05875906414505184,0.3085507567632056,0.2131770837753027,32,416,14,2,0.03365384615384615,0.0625
test,verification,a,jvs030,0.09285714285714286,2.718325793233926,0.7244201350060013,0.09627583983247848,0.21829491180623595,0.24508046484957258,28,420,27,10,0.06428571428571428,0.35714285714285715
test,verification,a,jvs032,0.09004739336492891,2.539073908271975,0.5778690823084912,0.1037336890134205,0.2584297291535901,0.1445521694114946,26,422,1,20,0.002369668246445498,0.7692307692307693
test,verification,a,jvs048,0.034482758620689655,4.106622716637981,0.763838563282366,0.10173644331086613,0.1269673156099625,0.19429810990934715,29,419,1,6,0.002386634844868735,0.20689655172413793
test,verification,a,jvs064,0.09592326139088729,2.7122473904952344,0.7239613000126949,0.07467348803007057,0.2884769075122216,0.2144395174911498,31,417,14,6,0.03357314148681055,0.1935483870967742
test,verification,a,jvs065,0.16626506024096385,1.9444704676683349,0.660471383267944,0.11705037594292404,0.3075577727631572,0.22843118212143315,33,415,16,12,0.03855421686746988,0.36363636363636365
test,verification,a,jvs076,0.11750599520383694,2.0669063924060636,0.5278500063341918,0.12505728125057222,0.2045566455721793,0.18245940699881966,31,417,3,27,0.007194244604316547,0.8709677419354839
test,verification,a,jvs081,0.07407407407407407,2.6092600036040747,0.627246700595609,0.14269234903461583,0.24236165077941793,0.152170085543421,27,421,0,14,0.0,0.5185185185185185
test,cross_text_verification,a,jvs003,0.0,4.537436625747155,0.7238006444412525,0.0755805536853915,0.21312850289615604,0.14007484653540406,13,135,0,3,0.0,0.23076923076923078
test,cross_text_verification,a,jvs005,0.0,4.002126526530618,0.6541227210355879,0.08384245142065354,0.1691983552442008,0.14944286466667359,9,139,0,3,0.0,0.3333333333333333
test,cross_text_verification,a,jvs006,0.145985401459854,2.631456822750697,0.6211316141255846,0.11434907856185508,0.19371107005787652,0.19922242032364387,11,137,0,5,0.0,0.45454545454545453
test,cross_text_verification,a,jvs010,0.02142857142857143,2.964964238495602,0.7529320688798472,0.07554587209767688,0.2651246793027518,0.22006596399378178,8,140,1,1,0.007142857142857143,0.125
test,cross_text_verification,a,jvs015,0.10714285714285714,2.1828000703688675,0.7125144727769949,0.05795949560474272,0.2965066041267539,0.2632215856781203,8,140,3,1,0.02142857142857143,0.125
test,cross_text_verification,a,jvs017,0.04285714285714286,2.9991799375820145,0.7267447125423812,0.07638836063475911,0.2795348595718796,0.19655235089272957,8,140,2,2,0.014285714285714285,0.25
test,cross_text_verification,a,jvs024,0.08333333333333333,3.009966977063942,0.6685197426207958,0.08870478822585696,0.20491962883924864,0.1989391986159781,12,136,0,4,0.0,0.3333333333333333
test,cross_text_verification,a,jvs029,0.18181818181818182,2.322895457275869,0.7066860038763243,0.09375305020402602,0.31411744891513194,0.21984571718703028,11,137,4,2,0.029197080291970802,0.18181818181818182
test,cross_text_verification,a,jvs030,0.014285714285714285,3.2050447949863425,0.7502810256291943,0.05539099177233134,0.2219940730077908,0.2264278611927059,8,140,2,0,0.014285714285714285,0.0
test,cross_text_verification,a,jvs032,0.2222222222222222,1.8918078679018782,0.563772762418517,0.16768656784803931,0.2721974167166888,0.13924940030735997,9,139,0,6,0.0,0.6666666666666666
test,cross_text_verification,a,jvs048,0.0,4.582408031836946,0.7992285408319428,0.011115682558382745,0.13763531456453212,0.20387677519333902,5,143,2,0,0.013986013986013986,0.0
test,cross_text_verification,a,jvs064,0.08029197080291971,2.5306703784823963,0.7170342626903158,0.05626456904934515,0.2974248242837727,0.2276399435970823,11,137,6,3,0.043795620437956206,0.2727272727272727
test,cross_text_verification,a,jvs065,0.07575757575757576,2.4831861235310138,0.7299551139898269,0.07009713103613029,0.2941600010846796,0.2380876871738808,16,132,3,3,0.022727272727272728,0.1875
test,cross_text_verification,a,jvs076,0.19424460431654678,1.469590724044145,0.45986095429125495,0.14670113448372987,0.21625925685789366,0.18284580292579383,9,139,1,9,0.007194244604316547,1.0
test,cross_text_verification,a,jvs081,0.043478260869565216,3.367832622163403,0.6622607366084615,0.09732170365249886,0.23708388048101464,0.14968236297015222,10,138,0,4,0.0,0.4
test,verification,i,jvs003,0.026378896882494004,3.978604409273568,0.6654842196806482,0.0922860857233718,0.1863743083233854,0.1431293198224731,31,417,0,14,0.0,0.45161290322580644
test,verification,i,jvs005,0.12410501193317422,2.6429328329101387,0.6642078016764359,0.100371680019565,0.325822729932689,0.150701357762021,29,419,2,12,0.00477326968973747,0.41379310344827586
test,verification,i,jvs006,0.09592326139088729,2.729581427382511,0.656929600023464,0.11757819165512193,0.15330629205768356,0.23293790808468282,31,417,1,11,0.002398081534772182,0.3548387096774194
test,verification,i,jvs010,0.0967741935483871,2.3846552043093174,0.667299393776288,0.10725321739989431,0.3125951987431967,0.18096011229520695,31,417,6,13,0.014388489208633094,0.41935483870967744
test,verification,i,jvs015,0.06451612903225806,2.555776772986415,0.7080869824011673,0.11287495862313521,0.23623386385332923,0.23543566789478237,31,417,8,8,0.019184652278177457,0.25806451612903225
test,verification,i,jvs017,0.16666666666666666,2.184680002615807,0.6463625333101117,0.13804374942646358,0.32624745925001286,0.1545456957490825,30,418,3,12,0.007177033492822967,0.4
test,verification,i,jvs024,0.2,1.503189949647056,0.5866025538570666,0.16666658130159767,0.3134416359606905,0.19561995606306165,28,420,11,17,0.02619047619047619,0.6071428571428571
test,verification,i,jvs029,0.08413461538461539,2.5878141744977694,0.7432718951933426,0.06198445334623919,0.32486419931588295,0.2200937221170604,32,416,25,6,0.06009615384615385,0.1875
test,verification,i,jvs030,0.14047619047619048,2.0681387803298903,0.6760978238037477,0.0872627757270227,0.2911518627271173,0.24834481295853358,28,420,9,10,0.02142857142857143,0.35714285714285715
test,verification,i,jvs032,0.038461538461538464,3.38827825953364,0.6741665604756069,0.1017470580497802,0.19764204457414594,0.1708984127888347,26,422,1,12,0.002369668246445498,0.46153846153846156
test,verification,i,jvs048,0.06443914081145585,3.3005067344712153,0.7317376517339851,0.0919323074618113,0.1970561091976861,0.20984838137590156,29,419,5,5,0.011933174224343675,0.1724137931034483
test,verification,i,jvs064,0.06474820143884892,2.626263772252505,0.7557998634583939,0.11357566454301432,0.23979740585942533,0.25358943015102176,31,417,15,4,0.03597122302158273,0.12903225806451613
test,verification,i,jvs065,0.08433734939759036,2.4359865545596215,0.7015841576182474,0.09428659702515534,0.3338947034958681,0.19151034484700105,33,415,10,9,0.024096385542168676,0.2727272727272727
test,verification,i,jvs076,0.10551558752997602,2.2741918782208144,0.6382261972680904,0.09460103599515367,0.3143532839118857,0.17780094126292947,31,417,9,20,0.02158273381294964,0.6451612903225806
test,verification,i,jvs081,0.1111111111111111,2.5377312392381786,0.6251335197067996,0.11902198196726722,0.2825867540737456,0.14924402071591858,27,421,1,14,0.0023752969121140144,0.5185185185185185
test,cross_text_verification,i,jvs003,0.037037037037037035,4.326813473660138,0.6852653629187831,0.11072020347050376,0.15257158667100854,0.1343704981649795,13,135,0,5,0.0,0.38461538461538464
test,cross_text_verification,i,jvs005,0.04316546762589928,2.9747434724922748,0.6935143979486124,0.08381811832367611,0.3222814999612092,0.1553128173618117,9,139,0,3,0.0,0.3333333333333333
test,cross_text_verification,i,jvs006,0.09090909090909091,2.6698067385358555,0.6067306822402788,0.08692248275330504,0.14708020712804123,0.2274354443394023,11,137,1,8,0.0072992700729927005,0.7272727272727273
test,cross_text_verification,i,jvs010,0.18571428571428572,2.0337109257486556,0.6391005136674723,0.12935308311722615,0.3049219831950718,0.1930534390981032,8,140,3,3,0.02142857142857143,0.375
test,cross_text_verification,i,jvs015,0.09285714285714286,2.867845918742649,0.7082957297222128,0.09074140504638602,0.22939489492345874,0.21803013947750874,8,140,1,2,0.007142857142857143,0.25
test,cross_text_verification,i,jvs017,0.05,2.887329028838362,0.6645009909297102,0.0703030047650615,0.3325124668594132,0.1466248105105237,8,140,1,4,0.007142857142857143,0.5
test,cross_text_verification,i,jvs024,0.14705882352941177,1.9526602085540294,0.6186485735629802,0.1358980955487199,0.29400464009835137,0.19187146680315195,12,136,1,6,0.007352941176470588,0.5
test,cross_text_verification,i,jvs029,0.043795620437956206,2.614143506449413,0.7544258653985061,0.05106346295692126,0.34509681291897065,0.21547311629189983,11,137,8,0,0.058394160583941604,0.0
test,cross_text_verification,i,jvs030,0.125,2.202471434148583,0.6989650877002598,0.11135614360634351,0.3012203179442574,0.22983788679563683,8,140,2,3,0.014285714285714285,0.375
test,cross_text_verification,i,jvs032,0.1111111111111111,2.742738118193799,0.613171381087258,0.09003653772332929,0.20772172276897696,0.18867652437888308,9,139,0,6,0.0,0.6666666666666666
test,cross_text_verification,i,jvs048,0.03496503496503497,3.3762918009348164,0.7333922352803726,0.0933529319232226,0.18953527323514904,0.20779678320779588,5,143,2,1,0.013986013986013986,0.2
test,cross_text_verification,i,jvs064,0.09090909090909091,2.755074006362664,0.762915311763896,0.07101561419143942,0.2644135604265778,0.24583530642881612,11,137,5,1,0.0364963503649635,0.09090909090909091
test,cross_text_verification,i,jvs065,0.0625,2.2535104244420827,0.685683387312258,0.13009510838804267,0.3324300734824953,0.17950129726652705,16,132,1,3,0.007575757575757576,0.1875
test,cross_text_verification,i,jvs076,0.1111111111111111,2.152366934776348,0.6042354792093678,0.05005603605858788,0.32259039976115395,0.17815653537447546,9,139,1,7,0.007194244604316547,0.7777777777777778
test,cross_text_verification,i,jvs081,0.1,2.7120689356888668,0.6226524231911461,0.08890572481883081,0.2756286603364892,0.15761002982911196,10,138,2,6,0.014492753623188406,0.6
test,verification,u,jvs003,0.0967741935483871,3.15480273966273,0.6254346400418014,0.13820034023462896,0.17889828027644689,0.144806113646249,31,417,0,16,0.0,0.5161290322580645
test,verification,u,jvs005,0.06896551724137931,2.7068001723013038,0.6480907103688007,0.09159423410179514,0.25421931234769496,0.18427661596442463,29,419,3,12,0.007159904534606206,0.41379310344827586
test,verification,u,jvs006,0.11990407673860912,2.4753504122630057,0.6025564108376799,0.11356717877623453,0.123489059771496,0.2490265372894388,31,417,2,16,0.004796163069544364,0.5161290322580645
test,verification,u,jvs010,0.0815347721822542,3.023425412548278,0.6563247377590535,0.11629161340942247,0.24232560111419982,0.15484244013251,31,417,5,10,0.011990407673860911,0.3225806451612903
test,verification,u,jvs015,0.0407673860911271,2.8066507470529385,0.6928895351468259,0.08352665802844159,0.19813820416358427,0.2348857217710479,31,417,7,11,0.016786570743405275,0.3548387096774194
test,verification,u,jvs017,0.11244019138755981,2.127396737566494,0.586923041869113,0.1343501509138479,0.26346094485748844,0.16788683667203852,30,418,1,18,0.0023923444976076554,0.6
test,verification,u,jvs024,0.23809523809523808,1.342723892705308,0.4749447633938243,0.147800134971163,0.22708910160563203,0.2151820118280325,28,420,5,25,0.011904761904761904,0.8928571428571429
test,verification,u,jvs029,0.11538461538461539,2.3168508489696724,0.6907212327123373,0.09070377859696614,0.2992354879238234,0.22108080356372323,32,416,29,9,0.06971153846153846,0.28125
test,verification,u,jvs030,0.19285714285714287,1.7294796826774612,0.5665633291154736,0.09762797235667614,0.26209909338766363,0.229023236002877,28,420,18,23,0.04285714285714286,0.8214285714285714
test,verification,u,jvs032,0.08767772511848342,2.7340114522053764,0.6650475906155964,0.08093793423012245,0.29421458420065866,0.17390750851607564,26,422,6,6,0.014218009478672985,0.23076923076923078
test,verification,u,jvs048,0.06896551724137931,2.5505022788759546,0.6881408032821231,0.1215946899780441,0.227566023320688,0.22457613948771055,29,419,14,5,0.03341288782816229,0.1724137931034483
test,verification,u,jvs064,0.0967741935483871,3.0444202876283413,0.719939021271883,0.1320169051801147,0.16964219206962047,0.21889930059027304,31,417,7,5,0.016786570743405275,0.16129032258064516
test,verification,u,jvs065,0.08674698795180723,2.7271504970424436,0.6833902947252298,0.11613956447878043,0.28862539959840977,0.1685788246044012,33,415,4,7,0.00963855421686747,0.21212121212121213
test,verification,u,jvs076,0.18465227817745802,1.969705223981251,0.6206674305002935,0.12217358466043199,0.25540498654140026,0.2320554203351487,31,417,15,14,0.03597122302158273,0.45161290322580644
test,verification,u,jvs081,0.14489311163895488,2.0849274277510896,0.5854323467239705,0.112201582351911,0.26501918400410696,0.18613526421688598,27,421,5,16,0.011876484560570071,0.5925925925925926
test,cross_text_verification,u,jvs003,0.15384615384615385,2.7869430576765075,0.6124728263381876,0.14762351489325715,0.1938119358074791,0.15277681082203196,13,135,0,6,0.0,0.46153846153846156
test,cross_text_verification,u,jvs005,0.1111111111111111,2.708824037797747,0.6387402668283676,0.07251151512185805,0.2566941756969027,0.18580984855285035,9,139,0,2,0.0,0.2222222222222222
test,cross_text_verification,u,jvs006,0.13138686131386862,2.313193835006309,0.584904766768983,0.15286309309653928,0.10270257661625566,0.2520749576086694,11,137,1,7,0.0072992700729927005,0.6363636363636364
test,cross_text_verification,u,jvs010,0.06428571428571428,2.8746477393170884,0.5754061873429395,0.0898366620471648,0.22211196034538377,0.1487891042527468,8,140,0,5,0.0,0.625
test,cross_text_verification,u,jvs015,0.0,3.033155309144518,0.7686095652127325,0.03121183172320363,0.19890149852677333,0.26378720104987896,8,140,1,0,0.007142857142857143,0.0
test,cross_text_verification,u,jvs017,0.125,2.4154761427920697,0.6181059155742069,0.09410594835658768,0.2808079727738168,0.1736171858315666,8,140,1,4,0.007142857142857143,0.5
test,cross_text_verification,u,jvs024,0.25,1.392335561575922,0.513868326215608,0.17324460105996542,0.23441746687467874,0.2248389250319967,12,136,1,9,0.007352941176470588,0.75
test,cross_text_verification,u,jvs029,0.09090909090909091,2.4518788380314707,0.7453496667219803,0.05825112614284207,0.3215262609437139,0.23741441638089622,11,137,13,0,0.0948905109489051,0.0
test,cross_text_verification,u,jvs030,0.25,1.4220352978899495,0.553413541314836,0.09202161427433993,0.29319666061462185,0.24187187408160976,8,140,10,6,0.07142857142857142,0.75
test,cross_text_verification,u,jvs032,0.1111111111111111,2.6221600562130125,0.6461212003399063,0.09889320283685855,0.2871600623122277,0.16643535877615118,9,139,0,3,0.0,0.3333333333333333
test,cross_text_verification,u,jvs048,0.06993006993006994,3.163209329737151,0.6960259203775009,0.08509012690671063,0.21051591518757454,0.19968950021516768,5,143,1,1,0.006993006993006993,0.2
test,cross_text_verification,u,jvs064,0.029197080291970802,3.3024138416962963,0.7428463200082628,0.0763407824231182,0.18718630070328776,0.22537545936558326,11,137,3,1,0.021897810218978103,0.09090909090909091
test,cross_text_verification,u,jvs065,0.18181818181818182,2.028698838023188,0.6296066697972093,0.13859780592499976,0.31021555102701776,0.17425014259248342,16,132,3,6,0.022727272727272728,0.375
test,cross_text_verification,u,jvs076,0.1223021582733813,2.169520001058894,0.6485242909230835,0.12333932661613545,0.25732730621667993,0.22319140711722257,9,139,4,3,0.02877697841726619,0.3333333333333333
test,cross_text_verification,u,jvs081,0.18840579710144928,1.7579488735013868,0.5154286478418867,0.06532491042662246,0.2627726316774746,0.19247002748044853,10,138,3,10,0.021739130434782608,1.0
test,verification,e,jvs003,0.03225806451612903,4.014656483790838,0.7348401573821696,0.09207651644570808,0.2060191485032195,0.1619370380071473,31,417,0,5,0.0,0.16129032258064516
test,verification,e,jvs005,0.08353221957040573,2.8617741046526852,0.6343276566246643,0.10190610314645303,0.23888204465904062,0.16674431117798566,29,419,0,16,0.0,0.5517241379310345
test,verification,e,jvs006,0.07673860911270983,2.737659520018718,0.7046323438580173,0.10601207058243013,0.19637525224170585,0.24020025328222655,31,417,4,9,0.009592326139088728,0.2903225806451613
test,verification,e,jvs010,0.09592326139088729,2.790000959966061,0.59895187551849,0.10380804493933872,0.22321022469704224,0.15968176890648025,31,417,0,23,0.0,0.7419354838709677
test,verification,e,jvs015,0.03225806451612903,2.8290743711045603,0.6915640702120297,0.06591727774711593,0.2346678184379071,0.21867688872059302,31,417,5,11,0.011990407673860911,0.3548387096774194
test,verification,e,jvs017,0.050239234449760764,3.5304402377581607,0.6955247477787192,0.09167441403309386,0.267836764634773,0.14473090785662926,30,418,0,12,0.0,0.4
test,verification,e,jvs024,0.1880952380952381,1.8612332919596624,0.5842799687476082,0.13689618814516877,0.2804663862228385,0.1858737968529332,28,420,1,21,0.002380952380952381,0.75
test,verification,e,jvs029,0.08653846153846154,2.979650637909703,0.6962253674656483,0.09165536068415205,0.25932093193701367,0.18600985630929195,32,416,6,10,0.014423076923076924,0.3125
test,verification,e,jvs030,0.07142857142857142,2.89677875193612,0.7296556748357907,0.0910324408256799,0.20326114352126323,0.2403234864702504,28,420,11,7,0.02619047619047619,0.25
test,verification,e,jvs032,0.08530805687203792,2.873429571344058,0.6147672420004222,0.10703905973786486,0.22804415623006272,0.15738286137779542,26,422,3,17,0.0071090047393364926,0.6538461538461539
test,verification,e,jvs048,0.10344827586206896,3.202187838756519,0.7572069810722868,0.12244399505283114,0.1926216979921903,0.21720856802764135,29,419,2,5,0.00477326968973747,0.1724137931034483
test,verification,e,jvs064,0.014388489208633094,3.7002834980917076,0.7552578963977156,0.05876256049368929,0.16805025325449535,0.21659559072714576,31,417,1,3,0.002398081534772182,0.0967741935483871
test,verification,e,jvs065,0.06506024096385542,2.826222378974419,0.6904664870859629,0.08780581175946442,0.28290644197768033,0.184068606500678,33,415,9,16,0.021686746987951807,0.48484848484848486
test,verification,e,jvs076,0.12903225806451613,2.302653631745626,0.6475438117734571,0.07097610397151671,0.27554897306375364,0.21716242504177966,31,417,6,20,0.014388489208633094,0.6451612903225806
test,verification,e,jvs081,0.0855106888361045,2.7969372368094323,0.6913331911420949,0.08221974170631537,0.27924040536896944,0.19145858766785084,27,421,8,9,0.019002375296912115,0.3333333333333333
test,cross_text_verification,e,jvs003,0.007407407407407408,4.271636709889126,0.7320762611909524,0.08726146987700224,0.18369074396433865,0.15920872680977521,13,135,0,2,0.0,0.15384615384615385
test,cross_text_verification,e,jvs005,0.05755395683453238,3.732758119605788,0.6968971759588044,0.07855820606235626,0.21517144579799016,0.16473691697966755,9,139,0,2,0.0,0.2222222222222222
test,cross_text_verification,e,jvs006,0.029197080291970802,3.3004484946121706,0.7284342801232142,0.08286640922844485,0.16717160905725878,0.22576885223483795,11,137,0,3,0.0,0.2727272727272727
test,cross_text_verification,e,jvs010,0.007142857142857143,3.5667583995594647,0.6385721650851268,0.06059853644512736,0.20294604539124114,0.16174592773694127,8,140,0,5,0.0,0.625
test,cross_text_verification,e,jvs015,0.07857142857142857,2.4602480640168034,0.704042276662306,0.07257161002586472,0.2643765156919216,0.2420875612095779,8,140,2,2,0.014285714285714285,0.25
test,cross_text_verification,e,jvs017,0.02142857142857143,3.355981489806812,0.6877340958253979,0.08490085630420997,0.2841826788094886,0.1473472150617693,8,140,0,3,0.0,0.375
test,cross_text_verification,e,jvs024,0.25,1.7973227286671836,0.5782255630955988,0.10546985740981839,0.2804633425198711,0.20921070720006743,12,136,1,8,0.007352941176470588,0.6666666666666666
test,cross_text_verification,e,jvs029,0.08759124087591241,2.9856477536841717,0.747818375256631,0.06524361640050012,0.2900764794137977,0.20676967025514623,11,137,3,1,0.021897810218978103,0.09090909090909091
test,cross_text_verification,e,jvs030,0.125,2.481405002070749,0.6991503362258826,0.11414314812854899,0.23188145622648138,0.24060608716714693,8,140,2,3,0.014285714285714285,0.375
test,cross_text_verification,e,jvs032,0.11510791366906475,2.669668283092089,0.6011368775355104,0.1102096976402586,0.23393933976372214,0.16028308477406736,9,139,2,6,0.014388489208633094,0.6666666666666666
test,cross_text_verification,e,jvs048,0.0,4.2799767981120755,0.8315635851199985,0.025034252478951743,0.16671132091302368,0.21825309720225328,5,143,1,0,0.006993006993006993,0.0
test,cross_text_verification,e,jvs064,0.0072992700729927005,3.3267008385202557,0.7454223711464998,0.05145968807050674,0.2171035695406428,0.21861878181593383,11,137,0,1,0.0,0.09090909090909091
test,cross_text_verification,e,jvs065,0.08333333333333333,2.6767587218607667,0.7031894036805618,0.11846763304147945,0.27880618726760464,0.19036182890038703,16,132,1,5,0.007575757575757576,0.3125
test,cross_text_verification,e,jvs076,0.1111111111111111,2.437471036406606,0.620919180293624,0.09254695089024229,0.2351733261891414,0.20377771799001318,9,139,0,7,0.0,0.7777777777777778
test,cross_text_verification,e,jvs081,0.028985507246376812,3.1923424416154838,0.6854616126345761,0.03451488989473041,0.2525690850518884,0.18864064542469314,10,138,1,4,0.007246376811594203,0.4
test,verification,o,jvs003,0.08393285371702638,2.924353746070668,0.6405569714420217,0.10915708987703565,0.1460221779716955,0.21279214427944732,31,417,10,9,0.023980815347721823,0.2903225806451613
test,verification,o,jvs005,0.15274463007159905,2.270011030644786,0.5610425603613026,0.10768744584724531,0.20607517166664646,0.19315319305983145,29,419,7,17,0.016706443914081145,0.5862068965517241
test,verification,o,jvs006,0.06451612903225806,2.9908773855603754,0.6180351800503644,0.09600121390636486,0.09854307641832992,0.22610116036704775,31,417,5,12,0.011990407673860911,0.3870967741935484
test,verification,o,jvs010,0.06235011990407674,3.5002137250020446,0.665945194743182,0.09878973576451834,0.1936534194312307,0.16326059486343725,31,417,2,9,0.004796163069544364,0.2903225806451613
test,verification,o,jvs015,0.045563549160671464,2.892376887557181,0.7047818444986076,0.08963511331570362,0.1792067192223301,0.24083796758749806,31,417,17,4,0.0407673860911271,0.12903225806451613
test,verification,o,jvs017,0.1,2.750212759476209,0.6226135365044396,0.10359564218072351,0.21480370834550003,0.18232840006751375,30,418,4,10,0.009569377990430622,0.3333333333333333
test,verification,o,jvs024,0.06428571428571428,2.713615090910783,0.6239884513962224,0.09137051363484402,0.21385799642180833,0.19322743339752613,28,420,3,14,0.007142857142857143,0.5
test,verification,o,jvs029,0.07692307692307693,2.7997672641386697,0.7222355457338915,0.08845655775851913,0.2678370959840011,0.21179504608219507,32,416,26,3,0.0625,0.09375
test,verification,o,jvs030,0.10714285714285714,2.606161661997411,0.6647912615922996,0.10245224237422766,0.1998704822947046,0.23054631470102432,28,420,25,5,0.05952380952380952,0.17857142857142858
test,verification,o,jvs032,0.07819905213270142,2.680049482157075,0.6117660666303917,0.10723236135178266,0.21178580216019297,0.18179255208638526,26,422,3,12,0.0071090047393364926,0.46153846153846156
test,verification,o,jvs048,0.06682577565632458,3.2143809732741784,0.678017166649228,0.10057782685717341,0.10782923659251417,0.22981747607966943,29,419,7,7,0.016706443914081145,0.2413793103448276
test,verification,o,jvs064,0.02877697841726619,3.5497132444479726,0.742891701669351,0.06508197858901411,0.17659251061044998,0.21602405756487775,31,417,9,1,0.02158273381294964,0.03225806451612903
test,verification,o,jvs065,0.09090909090909091,2.4325646296764103,0.6661977725806244,0.13813478784968164,0.23076229219080097,0.2121383218798935,33,415,16,7,0.03855421686746988,0.21212121212121213
test,verification,o,jvs076,0.12903225806451613,2.2367115294124527,0.5812861271368706,0.14670696327277388,0.19231758919660788,0.19738504559962256,31,417,7,17,0.016786570743405275,0.5483870967741935
test,verification,o,jvs081,0.21852731591448932,1.9259820722211498,0.45097955018699026,0.1349460560246662,0.16718877005974464,0.15878534996904434,27,421,0,22,0.0,0.8148148148148148
test,cross_text_verification,o,jvs003,0.1259259259259259,2.6980151008845703,0.6218500937409792,0.13474246573391005,0.10990362585613883,0.23206477355671,13,135,4,6,0.02962962962962963,0.46153846153846156
test,cross_text_verification,o,jvs005,0.1111111111111111,2.557963451110595,0.6217101272961894,0.08030385171918805,0.18461700588092975,0.22792130448642797,9,139,4,5,0.02877697841726619,0.5555555555555556
test,cross_text_verification,o,jvs006,0.09090909090909091,2.847440052361715,0.6081425180990568,0.0912719622243229,0.07371686501870742,0.24924238579752442,11,137,3,5,0.021897810218978103,0.45454545454545453
test,cross_text_verification,o,jvs010,0.007142857142857143,4.07097439438154,0.6929361130456917,0.06762337878512223,0.19609237346366298,0.1587993794326825,8,140,1,0,0.007142857142857143,0.0
test,cross_text_verification,o,jvs015,0.07142857142857142,2.9859239605968244,0.7162927095198093,0.08712636612624572,0.18812244631164537,0.23449266957494122,8,140,2,1,0.014285714285714285,0.125
test,cross_text_verification,o,jvs017,0.07857142857142857,2.9161276905862388,0.6245584478879973,0.10234678249164413,0.21023006915286266,0.1729148775444397,8,140,0,2,0.0,0.25
test,cross_text_verification,o,jvs024,0.08333333333333333,2.9228911889939693,0.6439550879783181,0.10242209882681595,0.21329474719852867,0.18146123005151468,12,136,0,3,0.0,0.25
test,cross_text_verification,o,jvs029,0.09090909090909091,2.70910104331645,0.7213528795603373,0.06811708349142094,0.3010558526969033,0.20856300355143845,11,137,14,1,0.10218978102189781,0.09090909090909091
test,cross_text_verification,o,jvs030,0.125,2.523439582821558,0.6380375899982353,0.06742021047821463,0.2182218994244273,0.22541097580148095,8,140,9,2,0.06428571428571428,0.25
test,cross_text_verification,o,jvs032,0.1510791366906475,2.2102422605455394,0.5858722859779996,0.146243152359401,0.22267398570368244,0.18060571212482657,9,139,2,3,0.014388489208633094,0.3333333333333333
test,cross_text_verification,o,jvs048,0.006993006993006993,3.4989398430224576,0.7029100763573666,0.04987074905008304,0.07963971679688348,0.24692986566854824,5,143,3,0,0.02097902097902098,0.0
test,cross_text_verification,o,jvs064,0.043795620437956206,2.992271211844147,0.7013850423128692,0.08380709456994181,0.20264762833101116,0.22031254618405408,11,137,5,1,0.0364963503649635,0.09090909090909091
test,cross_text_verification,o,jvs065,0.0625,2.849479541396037,0.6836929189014589,0.0914849854331074,0.24679389181931594,0.19659136098996638,16,132,5,3,0.03787878787878788,0.1875
test,cross_text_verification,o,jvs076,0.19424460431654678,2.1205117657024757,0.5569975858677355,0.15474613705290538,0.18437818916968607,0.19444713219775733,9,139,2,6,0.014388489208633094,0.6666666666666666
test,cross_text_verification,o,jvs081,0.1,2.8875537429742972,0.5305180933813762,0.10718378183206943,0.13761211894577074,0.15981574984424776,10,138,0,6,0.0,0.6
test,verification,m,jvs003,0.023980815347721823,3.8410612668925896,0.6778929247844272,0.10203366901080897,0.09762089441775414,0.18770689164784202,31,417,0,8,0.0,0.25806451612903225
test,verification,m,jvs005,0.09307875894988067,2.861182860583454,0.6045090968814573,0.10362281228906864,0.22595214164977215,0.15579809876027195,29,419,0,16,0.0,0.5517241379310345
test,verification,m,jvs006,0.06451612903225806,2.942074987457394,0.662092558607925,0.11619177617519831,0.1093137360490796,0.23896196760328786,31,417,1,9,0.002398081534772182,0.2903225806451613
test,verification,m,jvs010,0.09352517985611511,2.755794581011393,0.6449073393895036,0.11933545741916375,0.19676314810624423,0.19659308262543254,31,417,18,7,0.04316546762589928,0.22580645161290322
test,verification,m,jvs015,0.03597122302158273,3.239768262852985,0.7110279171354399,0.0679772303379723,0.1980266345806981,0.21336684091993155,31,417,6,2,0.014388489208633094,0.06451612903225806
test,verification,m,jvs017,0.06666666666666667,3.209102103173866,0.6399201022639335,0.10396092095779327,0.2199980386006898,0.15309269983072005,30,418,3,11,0.007177033492822967,0.36666666666666664
test,verification,m,jvs024,0.03571428571428571,3.989253972772864,0.6778613671246134,0.1143129973752509,0.02683428451175654,0.20049409567929302,28,420,1,6,0.002380952380952381,0.21428571428571427
test,verification,m,jvs029,0.007211538461538462,3.8783995251237586,0.7460403100993466,0.06863168087584424,0.1706708913440514,0.19825864755357686,32,416,2,1,0.004807692307692308,0.03125
test,verification,m,jvs030,0.07142857142857142,3.0217506643091863,0.643141896940837,0.07813884062491941,0.18640830756886273,0.19896271396661996,28,420,8,9,0.01904761904761905,0.32142857142857145
test,verification,m,jvs032,0.06872037914691943,2.854732217064572,0.6183343341966825,0.09923507339456095,0.22328644715254584,0.16867838123739007,26,422,0,13,0.0,0.5
test,verification,m,jvs048,0.02386634844868735,3.551190561325724,0.704796095313337,0.08720906076422467,0.09064746753149598,0.22849985453140212,29,419,2,4,0.00477326968973747,0.13793103448275862
test,verification,m,jvs064,0.03225806451612903,3.360781802944183,0.7328291162762158,0.1108281201642841,0.10570343069060656,0.23949340697957625,31,417,1,4,0.002398081534772182,0.12903225806451613
test,verification,m,jvs065,0.030303030303030304,3.3275642547310826,0.7067486297168553,0.09749983245005042,0.1669100169258103,0.20768356222900825,33,415,0,6,0.0,0.18181818181818182
test,verification,m,jvs076,0.06451612903225806,3.1459279298390648,0.6248607861943221,0.07551672709224941,0.21287654042136056,0.16910703358749007,31,417,0,13,0.0,0.41935483870967744
test,verification,m,jvs081,0.037037037037037035,3.1013966046703856,0.6634072954194279,0.07909334799501168,0.16828505216227344,0.2114645349208364,27,421,4,6,0.009501187648456057,0.2222222222222222
test,cross_text_verification,m,jvs003,0.007407407407407408,4.582799810757706,0.7209798677452622,0.06505571413853543,0.08379850902928863,0.18555497007966337,13,135,1,1,0.007407407407407408,0.07692307692307693
test,cross_text_verification,m,jvs005,0.05755395683453238,3.5625866490745115,0.6437848153155444,0.08103344839993318,0.20358202329124908,0.15481943444052979,9,139,0,1,0.0,0.1111111111111111
test,cross_text_verification,m,jvs006,0.072992700729927,2.9727501969870036,0.6591570699905384,0.12971943453269238,0.0917803963193819,0.23670091619355635,11,137,0,3,0.0,0.2727272727272727
test,cross_text_verification,m,jvs010,0.05,3.7095029680344154,0.7404753386367345,0.06031927877398647,0.19832391237253236,0.19769274699962075,8,140,7,0,0.05,0.0
test,cross_text_verification,m,jvs015,0.007142857142857143,3.5388577700104267,0.7283785873416462,0.035329260997793016,0.1881141486562232,0.21299263313198494,8,140,2,0,0.014285714285714285,0.0
test,cross_text_verification,m,jvs017,0.12142857142857143,3.1705948039244993,0.6454642324667204,0.11809167990751757,0.2147501391037685,0.15153507442271305,8,140,1,4,0.007142857142857143,0.5
test,cross_text_verification,m,jvs024,0.0,4.497892364476692,0.7132189136595471,0.07180907458616911,0.04328813265291885,0.19801931739616116,12,136,0,1,0.0,0.08333333333333333
test,cross_text_verification,m,jvs029,0.014598540145985401,3.6748937263573316,0.7071875061594306,0.054432499001810915,0.15757442319300374,0.20438403897394455,11,137,2,1,0.014598540145985401,0.09090909090909091
test,cross_text_verification,m,jvs030,0.02857142857142857,3.5431647476876376,0.6752001119275138,0.05063091946437066,0.17354805620200636,0.19372152060790915,8,140,2,1,0.014285714285714285,0.125
test,cross_text_verification,m,jvs032,0.014388489208633094,3.843253252649669,0.6750269659822151,0.08161414928996123,0.18941067774755946,0.15896719407764745,9,139,0,1,0.0,0.1111111111111111
test,cross_text_verification,m,jvs048,0.0,3.8075242424042304,0.731439307208765,0.0432536612814918,0.08411350760336969,0.2365110093755537,5,143,1,0,0.006993006993006993,0.0
test,cross_text_verification,m,jvs064,0.09090909090909091,2.764688312201074,0.6781761863613532,0.1152019334404412,0.11325733790131605,0.2650150825045095,11,137,1,2,0.0072992700729927005,0.18181818181818182
test,cross_text_verification,m,jvs065,0.0,3.8336622460167695,0.7340099021200361,0.05598421513124599,0.1516969372004237,0.2073879590424311,16,132,0,0,0.0,0.0
test,cross_text_verification,m,jvs076,0.1111111111111111,2.2529114456741173,0.57366545920668,0.14919209306135142,0.19672768259868242,0.18365165681145545,9,139,1,5,0.007194244604316547,0.5555555555555556
test,cross_text_verification,m,jvs081,0.036231884057971016,2.985958066980841,0.6229756922990421,0.06124772095584994,0.13241930658960205,0.22411974033115684,10,138,1,3,0.007246376811594203,0.3
test,verification,n,jvs003,0.06451612903225806,3.3882643504263172,0.6194934459068433,0.10822465870694786,0.13790168671707856,0.16938794201127086,31,417,0,13,0.0,0.41935483870967744
test,verification,n,jvs005,0.10344827586206896,2.7868198783988234,0.6442581122693103,0.12753289883741337,0.20329026197177089,0.18387753254551506,29,419,5,9,0.011933174224343675,0.3103448275862069
test,verification,n,jvs006,0.0967741935483871,2.834754469301985,0.6757601535780585,0.11368195345729798,0.18821346946951528,0.21502760150179465,31,417,2,7,0.004796163069544364,0.22580645161290322
test,verification,n,jvs010,0.05755395683453238,3.0592556919799194,0.6443701516245175,0.08186293850186964,0.19336366624758725,0.19174434692474276,31,417,4,13,0.009592326139088728,0.41935483870967744
test,verification,n,jvs015,0.026378896882494004,3.5149173236122064,0.7232965577045729,0.07189904527924039,0.15173440695661156,0.2184372194524658,31,417,6,3,0.014388489208633094,0.0967741935483871
test,verification,n,jvs017,0.03333333333333333,3.430240980550124,0.6775606022494772,0.08943258297978768,0.24555089740940467,0.1540270673344949,30,418,2,7,0.004784688995215311,0.23333333333333334
test,verification,n,jvs024,0.03571428571428571,3.427109256588782,0.7024663991430975,0.09768500043999477,0.1425367082003631,0.2093927547643099,28,420,5,4,0.011904761904761904,0.14285714285714285
test,verification,n,jvs029,0.014423076923076924,3.591899452805316,0.7062449259984911,0.07272620208420791,0.19924880917739163,0.18589638877792142,32,416,4,5,0.009615384615384616,0.15625
test,verification,n,jvs030,0.1,2.6400005402528537,0.6033240370144481,0.07880203223233141,0.22850788391881255,0.1846740036596924,28,420,7,14,0.016666666666666666,0.5
test,verification,n,jvs032,0.07692307692307693,2.799114031706062,0.6185520513237617,0.09918897158509171,0.2352521360617394,0.1663266949976255,26,422,2,13,0.004739336492890996,0.5
test,verification,n,jvs048,0.026252983293556086,3.9696272078330965,0.7287271149535176,0.09868002690120034,0.0734051919760187,0.21158379878313452,29,419,0,5,0.0,0.1724137931034483
test,verification,n,jvs064,0.03225806451612903,3.0613716504399413,0.7056160684271691,0.06320893248485025,0.21350331198387276,0.21836936854563974,31,417,11,4,0.026378896882494004,0.12903225806451613
test,verification,n,jvs065,0.060240963855421686,3.4058951146181196,0.6835315010132678,0.11058567181786648,0.18480760410197863,0.17508304079268694,33,415,0,8,0.0,0.24242424242424243
test,verification,n,jvs076,0.11270983213429256,2.5213641856994897,0.6595453659775273,0.1515644546989912,0.18585877163826323,0.21821518141712865,31,417,8,10,0.019184652278177457,0.3225806451612903
test,verification,n,jvs081,0.057007125890736345,3.108879489585512,0.6296445757167811,0.08985212137454891,0.14255400738249766,0.202539115464299,27,421,1,10,0.0023752969121140144,0.37037037037037035
test,cross_text_verification,n,jvs003,0.06666666666666667,3.4526108811175513,0.6166066004591116,0.129725391076145,0.10572399588334021,0.16419965197694233,13,135,0,4,0.0,0.3076923076923077
test,cross_text_verification,n,jvs005,0.02877697841726619,3.1812228396117694,0.6010050042340684,0.07926030998530478,0.1932093087896999,0.16304081569787823,9,139,0,4,0.0,0.4444444444444444
test,cross_text_verification,n,jvs006,0.09090909090909091,2.5504835786815594,0.5873032473511807,0.08224788689937677,0.17409349157296433,0.21384870179276522,11,137,0,7,0.0,0.6363636363636364
test,cross_text_verification,n,jvs010,0.1,2.71208917671862,0.6108019217839928,0.11211691462821677,0.1877826073771597,0.1899644069909167,8,140,3,3,0.02142857142857143,0.375
test,cross_text_verification,n,jvs015,0.007142857142857143,3.385014080790674,0.7204706956368756,0.07751984328097834,0.1674436162221927,0.2176546189172439,8,140,1,1,0.007142857142857143,0.125
test,cross_text_verification,n,jvs017,0.125,2.9281306678268733,0.6603467914470617,0.13689242984577127,0.24324402006553814,0.14779252435650234,8,140,0,2,0.0,0.25
test,cross_text_verification,n,jvs024,0.014705882352941176,3.0580755411875495,0.6362325485110032,0.09377792740055874,0.15479748123469628,0.2019271411423516,12,136,0,6,0.0,0.5
test,cross_text_verification,n,jvs029,0.058394160583941604,3.222690607807451,0.6913003896361649,0.052438262803461436,0.20770004133468062,0.20563771117911045,11,137,3,1,0.021897810218978103,0.09090909090909091
test,cross_text_verification,n,jvs030,0.15714285714285714,1.9816099947492367,0.5621946296473669,0.1025625134558234,0.24552588033015654,0.20138376579453582,8,140,5,4,0.03571428571428571,0.5
test,cross_text_verification,n,jvs032,0.1111111111111111,2.2730919615770513,0.5933712058549747,0.16189198584164827,0.23002569220872132,0.15777424732544454,9,139,0,4,0.0,0.4444444444444444
test,cross_text_verification,n,jvs048,0.0,4.5847216708031775,0.7798139407360148,0.028682499521368122,0.07954117386072071,0.2140949472333821,5,143,1,0,0.006993006993006993,0.0
test,cross_text_verification,n,jvs064,0.043795620437956206,2.910403279675097,0.7238843464487862,0.07806634842958787,0.22358931017468417,0.23022616826417966,11,137,6,2,0.043795620437956206,0.18181818181818182
test,cross_text_verification,n,jvs065,0.0625,3.767910966544946,0.7024805507315686,0.07317579842650561,0.194946827200699,0.1758775914510189,16,132,1,1,0.007575757575757576,0.0625
test,cross_text_verification,n,jvs076,0.05755395683453238,3.2183769057952047,0.6699186617158248,0.09032895345310345,0.17609460113305178,0.19730089538199524,9,139,3,2,0.02158273381294964,0.2222222222222222
test,cross_text_verification,n,jvs081,0.036231884057971016,3.459371360285749,0.6363510312633626,0.07621972121800077,0.12215035305076513,0.19590356055960872,10,138,0,3,0.0,0.3
test,verification,s,jvs003,0.06451612903225806,2.6306767992120017,0.7548609500500931,0.07891018203077343,0.42038356561827034,0.16157005259601992,31,417,1,18,0.002398081534772182,0.5806451612903226
test,verification,s,jvs005,0.16467780429594273,1.7446956712925492,0.5522615952153401,0.12892627738758594,0.2989773747904456,0.15977771855082518,29,419,2,27,0.00477326968973747,0.9310344827586207
test,verification,s,jvs006,0.050359712230215826,3.35112686324473,0.7411765605571224,0.1239404078454935,0.2912975512987843,0.1438170170342372,31,417,1,14,0.002398081534772182,0.45161290322580644
test,verification,s,jvs010,0.2446043165467626,1.3857710666277145,0.7539618522658316,0.08358519537098764,0.5255243075134197,0.217626554131425,31,417,39,12,0.09352517985611511,0.3870967741935484
test,verification,s,jvs015,0.1774580335731415,1.9249282893455477,0.6307748644628675,0.0986913389292301,0.3738567964465739,0.1608972218575849,31,417,0,29,0.0,0.9354838709677419
test,verification,s,jvs017,0.13333333333333333,2.1243947962950824,0.7157256049594041,0.09451838792279224,0.44596429101859975,0.15269403737942097,30,418,4,21,0.009569377990430622,0.7
test,verification,s,jvs024,0.1595238095238095,1.7334107509308778,0.7707408937732106,0.09177697488150867,0.48076368424821153,0.2180525532151832,28,420,15,11,0.03571428571428571,0.39285714285714285
test,verification,s,jvs029,0.07692307692307693,2.036390322771166,0.7666471962390256,0.09657237415639376,0.49247690989181725,0.16409501657500736,32,416,4,13,0.009615384615384616,0.40625
test,verification,s,jvs030,0.10952380952380952,1.9936175445927928,0.8074955394560143,0.06319659585162594,0.5038655373741923,0.20590628139103886,28,420,17,8,0.04047619047619048,0.2857142857142857
test,verification,s,jvs032,0.11538461538461539,2.1140701242626156,0.7649685299563036,0.07690835116358417,0.4958512362663946,0.16277211761016513,26,422,16,12,0.037914691943127965,0.46153846153846156
test,verification,s,jvs048,0.031026252983293555,4.109309783419413,0.8103543069089718,0.08576385772372362,0.25118606469332166,0.1722688763676652,29,419,0,7,0.0,0.2413793103448276
test,verification,s,jvs064,0.11750599520383694,2.1554235717223995,0.8272900562134019,0.07385071221746978,0.4807279060590776,0.2150590901909463,31,417,18,6,0.04316546762589928,0.1935483870967742
test,verification,s,jvs065,0.15151515151515152,1.9615174410485434,0.7497135388731897,0.07650090800752396,0.4932744852616174,0.16831788508919945,33,415,12,17,0.02891566265060241,0.5151515151515151
test,verification,s,jvs076,0.08633093525179857,2.4274894887284106,0.8175665070264045,0.05095387049729513,0.4993303908605042,0.178259495255165,31,417,19,6,0.045563549160671464,0.1935483870967742
test,verification,s,jvs081,0.14814814814814814,2.6182272718171262,0.6743373287999248,0.12745980675172539,0.30728483681420826,0.15185900542796787,27,421,1,20,0.0023752969121140144,0.7407407407407407
test,cross_text_verification,s,jvs003,0.11851851851851852,2.31520504807566,0.7257519527375126,0.09687417603396999,0.4126613894810465,0.1648968097848838,13,135,0,10,0.0,0.7692307692307693
test,cross_text_verification,s,jvs005,0.18705035971223022,2.023554782677289,0.6173758872852996,0.14807283215678624,0.29578086080577787,0.16908354389369415,9,139,0,8,0.0,0.8888888888888888
test,cross_text_verification,s,jvs006,0.021897810218978103,3.975750747454516,0.7532271580140875,0.06292592284735607,0.27690631499594637,0.15731347838732143,11,137,1,8,0.0072992700729927005,0.7272727272727273
test,cross_text_verification,s,jvs010,0.25,1.1490077347494732,0.7630388082956384,0.1434851023038134,0.5468898015461341,0.22402850136600647,8,140,16,2,0.11428571428571428,0.25
test,cross_text_verification,s,jvs015,0.125,2.12789648760334,0.6370558560715893,0.08270746731870444,0.3775925234885042,0.15131215339426715,8,140,0,8,0.0,1.0
test,cross_text_verification,s,jvs017,0.24285714285714285,1.6744646509345749,0.6562994716537736,0.07599457383462391,0.45991438532207746,0.1474283092290321,8,140,1,7,0.007142857142857143,0.875
test,cross_text_verification,s,jvs024,0.125,1.80842879546823,0.787956406763012,0.06149222258038288,0.4991339646134461,0.2173307775911278,12,136,7,2,0.051470588235294115,0.16666666666666666
test,cross_text_verification,s,jvs029,0.17518248175182483,1.9849600819971833,0.7473803665161429,0.07825400196310336,0.4900590338189464,0.16579218118898217,11,137,3,6,0.021897810218978103,0.5454545454545454
test,cross_text_verification,s,jvs030,0.12142857142857143,2.0299377854316414,0.8077128240618001,0.050702647179774005,0.5159302096363884,0.19685384092640695,8,140,6,1,0.04285714285714286,0.125
test,cross_text_verification,s,jvs032,0.2222222222222222,1.6017245153315431,0.7258655204236358,0.10504196645521287,0.5020821754940159,0.1673505033359253,9,139,7,4,0.050359712230215826,0.4444444444444444
test,cross_text_verification,s,jvs048,0.0,3.8697482018785,0.8330564693842126,0.048825369418701595,0.26570038327484774,0.20151161718355395,5,143,0,1,0.0,0.2
test,cross_text_verification,s,jvs064,0.11678832116788321,2.09880818399353,0.8382916567679402,0.05737041775859528,0.49452014995819044,0.22442230613562367,11,137,13,2,0.0948905109489051,0.18181818181818182
test,cross_text_verification,s,jvs065,0.1590909090909091,2.0778980521978974,0.7647602056304834,0.0792837342542803,0.4879066703541065,0.17093404589497652,16,132,2,8,0.015151515151515152,0.5
test,cross_text_verification,s,jvs076,0.07194244604316546,2.1955944790482773,0.7917024146411054,0.03885050371175219,0.5054691138506447,0.1802270890688713,9,139,6,2,0.04316546762589928,0.2222222222222222
test,cross_text_verification,s,jvs081,0.2,1.6311638537198379,0.5061510274072502,0.11747923412760403,0.2854665810460247,0.15101927214457775,10,138,0,10,0.0,1.0
