split,condition,role,operating_point,pooled_eer,query_coverage,queries,scored_queries,all_genuine,all_impostor,all_input_far,all_input_frr,false_accepts,false_rejects,far,frr,genuine,impostor,no_score_genuine,no_score_impostor,threshold
validation,jvs70_u15000,verification,far_1pct,0.004761904761904762,0.98,750,735,750,10500,0.009714285714285713,0.02266666666666667,102,2,0.009912536443148687,0.0027210884353741495,735,10290,15,210,0.4782227879111038
validation,jvs70_u15000,verification,far_0_1pct,0.004761904761904762,0.98,750,735,750,10500,0.0009523809523809524,0.07066666666666667,10,38,0.0009718172983479105,0.05170068027210884,735,10290,15,210,0.5413681840933452
validation,jvs70_u15000,verification,eer_operating,0.004761904761904762,0.98,750,735,750,10500,0.004666666666666667,0.025333333333333333,49,4,0.004761904761904762,0.005442176870748299,735,10290,15,210,0.502508332899292
validation,jvs70_u15000,cross_text_verification,far_1pct,0.009475218658892129,0.8711111111111111,450,392,450,6300,0.006825396825396826,0.13777777777777778,43,4,0.00783527696793003,0.01020408163265306,392,5488,58,812,0.4782227879111038
validation,jvs70_u15000,cross_text_verification,far_0_1pct,0.009475218658892129,0.8711111111111111,450,392,450,6300,0.0007936507936507937,0.23333333333333334,5,47,0.0009110787172011661,0.11989795918367346,392,5488,58,812,0.5413681840933452
validation,jvs70_u15000,cross_text_verification,eer_operating,0.009475218658892129,0.8711111111111111,450,392,450,6300,0.0038095238095238095,0.1511111111111111,24,10,0.004373177842565598,0.025510204081632654,392,5488,58,812,0.502508332899292
validation,cv70_u15000,verification,far_1pct,0.005442176870748299,0.98,750,735,750,10500,0.009714285714285713,0.02266666666666667,102,2,0.009912536443148687,0.0027210884353741495,735,10290,15,210,0.511890377051543
validation,cv70_u15000,verification,far_0_1pct,0.005442176870748299,0.98,750,735,750,10500,0.0009523809523809524,0.04133333333333333,10,16,0.0009718172983479105,0.021768707482993196,735,10290,15,210,0.5620713876977838
validation,cv70_u15000,verification,eer_operating,0.005442176870748299,0.98,750,735,750,10500,0.005333333333333333,0.025333333333333333,56,4,0.005442176870748299,0.005442176870748299,735,10290,15,210,0.5266617288469663
validation,cv70_u15000,cross_text_verification,far_1pct,0.007470845481049562,0.8711111111111111,450,392,450,6300,0.008253968253968255,0.13111111111111112,52,1,0.009475218658892129,0.002551020408163265,392,5488,58,812,0.511890377051543
validation,cv70_u15000,cross_text_verification,far_0_1pct,0.007470845481049562,0.8711111111111111,450,392,450,6300,0.00031746031746031746,0.18222222222222223,2,24,0.00036443148688046647,0.061224489795918366,392,5488,58,812,0.5620713876977838
validation,cv70_u15000,cross_text_verification,eer_operating,0.007470845481049562,0.8711111111111111,450,392,450,6300,0.004285714285714286,0.13555555555555557,27,3,0.004919825072886298,0.007653061224489796,392,5488,58,812,0.5266617288469663
validation,cv70_u30000,verification,far_1pct,0.005442176870748299,0.98,750,735,750,10500,0.009714285714285713,0.024,102,3,0.009912536443148687,0.004081632653061225,735,10290,15,210,0.5234406696372045
validation,cv70_u30000,verification,far_0_1pct,0.005442176870748299,0.98,750,735,750,10500,0.0009523809523809524,0.04133333333333333,10,16,0.0009718172983479105,0.021768707482993196,735,10290,15,210,0.5713643098511212
validation,cv70_u30000,verification,eer_operating,0.005442176870748299,0.98,750,735,750,10500,0.005333333333333333,0.025333333333333333,56,4,0.005442176870748299,0.005442176870748299,735,10290,15,210,0.5357613049279442
validation,cv70_u30000,cross_text_verification,far_1pct,0.008381924198250729,0.8711111111111111,450,392,450,6300,0.008888888888888889,0.13333333333333333,56,2,0.01020408163265306,0.00510204081632653,392,5488,58,812,0.5234406696372045
validation,cv70_u30000,cross_text_verification,far_0_1pct,0.008381924198250729,0.8711111111111111,450,392,450,6300,0.0004761904761904762,0.18666666666666668,3,26,0.0005466472303206997,0.0663265306122449,392,5488,58,812,0.5713643098511212
validation,cv70_u30000,cross_text_verification,eer_operating,0.008381924198250729,0.8711111111111111,450,392,450,6300,0.005079365079365079,0.14,32,5,0.0058309037900874635,0.012755102040816327,392,5488,58,812,0.5357613049279442
test,jvs70_u15000,verification,far_1pct,0.015257531584062196,0.98,750,735,750,10500,0.007142857142857143,0.04533333333333334,75,19,0.007288629737609329,0.02585034013605442,735,10290,15,210,0.4782227879111038
test,jvs70_u15000,verification,far_0_1pct,0.015257531584062196,0.98,750,735,750,10500,0.0009523809523809524,0.14533333333333334,10,94,0.0009718172983479105,0.12789115646258503,735,10290,15,210,0.5413681840933452
test,jvs70_u15000,verification,eer_operating,0.015257531584062196,0.98,750,735,750,10500,0.0032380952380952383,0.064,34,33,0.003304178814382896,0.044897959183673466,735,10290,15,210,0.502508332899292
test,jvs70_u15000,cross_text_verification,far_1pct,0.012572886297376093,0.8711111111111111,450,392,450,6300,0.007301587301587302,0.14666666666666667,46,8,0.008381924198250729,0.02040816326530612,392,5488,58,812,0.4782227879111038
test,jvs70_u15000,cross_text_verification,far_0_1pct,0.012572886297376093,0.8711111111111111,450,392,450,6300,0.0004761904761904762,0.28444444444444444,3,70,0.0005466472303206997,0.17857142857142858,392,5488,58,812,0.5413681840933452
test,jvs70_u15000,cross_text_verification,eer_operating,0.012572886297376093,0.8711111111111111,450,392,450,6300,0.0033333333333333335,0.18,21,23,0.003826530612244898,0.058673469387755105,392,5488,58,812,0.502508332899292
test,cv70_u15000,verification,far_1pct,0.017687074829931974,0.98,750,735,750,10500,0.026285714285714287,0.030666666666666665,276,8,0.026822157434402333,0.010884353741496598,735,10290,15,210,0.511890377051543
test,cv70_u15000,verification,far_0_1pct,0.017687074829931974,0.98,750,735,750,10500,0.004761904761904762,0.06666666666666667,50,35,0.004859086491739553,0.047619047619047616,735,10290,15,210,0.5620713876977838
test,cv70_u15000,verification,eer_operating,0.017687074829931974,0.98,750,735,750,10500,0.01695238095238095,0.037333333333333336,178,13,0.017298347910592808,0.017687074829931974,735,10290,15,210,0.5266617288469663
test,cv70_u15000,cross_text_verification,far_1pct,0.013301749271137026,0.8711111111111111,450,392,450,6300,0.01904761904761905,0.13555555555555557,120,3,0.021865889212827987,0.007653061224489796,392,5488,58,812,0.511890377051543
test,cv70_u15000,cross_text_verification,far_0_1pct,0.013301749271137026,0.8711111111111111,450,392,450,6300,0.0031746031746031746,0.18444444444444444,20,25,0.0036443148688046646,0.06377551020408163,392,5488,58,812,0.5620713876977838
test,cv70_u15000,cross_text_verification,eer_operating,0.013301749271137026,0.8711111111111111,450,392,450,6300,0.013333333333333334,0.13555555555555557,84,3,0.015306122448979591,0.007653061224489796,392,5488,58,812,0.5266617288469663
test,cv70_u30000,verification,far_1pct,0.017687074829931974,0.98,750,735,750,10500,0.026571428571428572,0.029333333333333333,279,7,0.027113702623906704,0.009523809523809525,735,10290,15,210,0.5234406696372045
test,cv70_u30000,verification,far_0_1pct,0.017687074829931974,0.98,750,735,750,10500,0.005619047619047619,0.06933333333333333,59,37,0.005733722060252673,0.050340136054421766,735,10290,15,210,0.5713643098511212
test,cv70_u30000,verification,eer_operating,0.017687074829931974,0.98,750,735,750,10500,0.018952380952380953,0.037333333333333336,199,13,0.01933916423712342,0.017687074829931974,735,10290,15,210,0.5357613049279442
test,cv70_u30000,cross_text_verification,far_1pct,0.012572886297376093,0.8711111111111111,450,392,450,6300,0.02,0.13555555555555557,126,3,0.02295918367346939,0.007653061224489796,392,5488,58,812,0.5234406696372045
test,cv70_u30000,cross_text_verification,far_0_1pct,0.012572886297376093,0.8711111111111111,450,392,450,6300,0.003650793650793651,0.17555555555555555,23,21,0.0041909620991253645,0.05357142857142857,392,5488,58,812,0.5713643098511212
test,cv70_u30000,cross_text_verification,eer_operating,0.012572886297376093,0.8711111111111111,450,392,450,6300,0.01507936507936508,0.13555555555555557,95,3,0.01731049562682216,0.007653061224489796,392,5488,58,812,0.5357613049279442
