comparison,difference_percentage_points,lower,undefined_replicates,upper,valid_replicates,primary
cv70_u30000_minus_cv70_u15000/cross_text_verification/eer_operating/all_input_far,0.17460317460317454,-0.035842293906810034,0,0.5555555555555557,10000,True
cv70_u30000_minus_cv70_u15000/cross_text_verification/eer_operating/all_input_frr,0.0,0.0,0,0.0,10000,True
cv70_u30000_minus_cv70_u15000/cross_text_verification/eer_operating/far,0.20043731778425672,-0.04123881671116562,0,0.6422742347343386,10000,True
cv70_u30000_minus_cv70_u15000/cross_text_verification/eer_operating/frr,0.0,0.0,0,0.0,10000,True
cv70_u30000_minus_cv70_u15000/cross_text_verification/far_0_1pct/all_input_far,0.047619047619047644,-0.06666666666666668,0,0.23809523809523794,10000,True
cv70_u30000_minus_cv70_u15000/cross_text_verification/far_0_1pct/all_input_frr,-0.8888888888888891,-3.3333333333333326,0,0.6666666666666654,10000,True
cv70_u30000_minus_cv70_u15000/cross_text_verification/far_0_1pct/far,0.05466472303207,-0.07607455306200075,0,0.2714256642915523,10000,True
cv70_u30000_minus_cv70_u15000/cross_text_verification/far_0_1pct/frr,-1.0204081632653066,-3.826530612244898,0,0.7575757575757576,10000,True
cv70_u30000_minus_cv70_u15000/cross_text_verification/far_1pct/all_input_far,0.09523809523809511,-0.6122448979591837,0,0.7142857142857145,10000,True
cv70_u30000_minus_cv70_u15000/cross_text_verification/far_1pct/all_input_frr,0.0,0.0,0,0.0,10000,True
cv70_u30000_minus_cv70_u15000/cross_text_verification/far_1pct/far,0.10932944606414016,-0.7028848216200758,0,0.8178400223906076,10000,True
cv70_u30000_minus_cv70_u15000/cross_text_verification/far_1pct/frr,0.0,0.0,0,0.0,10000,True
cv70_u30000_minus_cv70_u15000/cross_text_verification/pooled_eer,-0.07288629737609333,-0.3399913065315716,0,0.47565773823311563,10000,True
cv70_u30000_minus_cv70_u15000/cross_text_verification/query_coverage,0.0,0.0,0,0.0,10000,True
cv70_u30000_minus_cv70_u15000/verification/eer_operating/all_input_far,0.20000000000000018,-0.2475247524752474,0,1.0204134231011996,10000,True
cv70_u30000_minus_cv70_u15000/verification/eer_operating/all_input_frr,0.0,0.0,0,0.0,10000,True
cv70_u30000_minus_cv70_u15000/verification/eer_operating/far,0.20408163265306123,-0.25257627803596683,0,1.0412381868379588,10000,True
cv70_u30000_minus_cv70_u15000/verification/eer_operating/frr,0.0,0.0,0,0.0,10000,True
cv70_u30000_minus_cv70_u15000/verification/far_0_1pct/all_input_far,0.08571428571428566,-0.1429315476190477,0,0.43750000000000006,10000,True
cv70_u30000_minus_cv70_u15000/verification/far_0_1pct/all_input_frr,0.26666666666666644,-0.9333333333333339,0,1.9999999999999998,10000,True
cv70_u30000_minus_cv70_u15000/verification/far_0_1pct/far,0.08746355685131198,-0.14584851797862,0,0.44642857142857156,10000,True
cv70_u30000_minus_cv70_u15000/verification/far_0_1pct/frr,0.272108843537415,-0.9523809523809532,0,2.0408163265306123,10000,True
cv70_u30000_minus_cv70_u15000/verification/far_1pct/all_input_far,0.028571428571428498,-0.46315789473684205,0,0.6064295898223293,10000,True
cv70_u30000_minus_cv70_u15000/verification/far_1pct/all_input_frr,-0.13333333333333322,-0.40000000000000036,0,0.0,10000,True
cv70_u30000_minus_cv70_u15000/verification/far_1pct/far,0.029154518950437122,-0.47261009667024684,0,0.6188057039003356,10000,True
cv70_u30000_minus_cv70_u15000/verification/far_1pct/frr,-0.13605442176870733,-0.40816326530612257,0,0.0,10000,True
cv70_u30000_minus_cv70_u15000/verification/pooled_eer,0.0,-0.2984972591386586,0,0.36567398698609827,10000,True
cv70_u30000_minus_cv70_u15000/verification/query_coverage,0.0,0.0,0,0.0,10000,True
cv70_u30000_minus_jvs70_u15000/cross_text_verification/eer_operating/all_input_far,1.1746031746031746,-0.10416666666666664,0,4.0,10000,False
cv70_u30000_minus_jvs70_u15000/cross_text_verification/eer_operating/all_input_frr,-4.444444444444443,-10.888888888888888,0,-0.22222222222222088,10000,False
cv70_u30000_minus_jvs70_u15000/cross_text_verification/eer_operating/far,1.348396501457726,-0.12009848263225968,0,4.599340862456119,10000,False
cv70_u30000_minus_jvs70_u15000/cross_text_verification/eer_operating/frr,-5.1020408163265305,-12.376237623762377,0,-0.2505798077282766,10000,False
cv70_u30000_minus_jvs70_u15000/cross_text_verification/far_0_1pct/all_input_far,0.31746031746031744,-0.10872551361681794,0,1.2153124999999996,10000,False
cv70_u30000_minus_jvs70_u15000/cross_text_verification/far_0_1pct/all_input_frr,-10.88888888888889,-20.666666666666668,0,-3.3333333333333326,10000,False
cv70_u30000_minus_jvs70_u15000/cross_text_verification/far_0_1pct/far,0.36443148688046645,-0.1295505451208981,0,1.3983725094264405,10000,False
cv70_u30000_minus_jvs70_u15000/cross_text_verification/far_0_1pct/frr,-12.5,-23.410069798296384,0,-3.787878787878788,10000,False
cv70_u30000_minus_jvs70_u15000/cross_text_verification/far_1pct/all_input_far,1.2698412698412698,-0.36458333333333326,0,4.495030954708373,10000,False
cv70_u30000_minus_jvs70_u15000/cross_text_verification/far_1pct/all_input_frr,-1.1111111111111098,-3.5555555555555562,0,0.44444444444444453,10000,False
cv70_u30000_minus_jvs70_u15000/cross_text_verification/far_1pct/far,1.457725947521866,-0.4189200432648306,0,5.128473543966497,10000,False
cv70_u30000_minus_jvs70_u15000/cross_text_verification/far_1pct/frr,-1.2755102040816324,-4.060913705583756,0,0.5221932114882507,10000,False
cv70_u30000_minus_jvs70_u15000/cross_text_verification/pooled_eer,0.0,-0.9856167778473522,0,1.5113350125944585,10000,False
cv70_u30000_minus_jvs70_u15000/cross_text_verification/query_coverage,0.0,0.0,0,0.0,10000,False
cv70_u30000_minus_jvs70_u15000/verification/eer_operating/all_input_far,1.5714285714285716,-0.11458333333333329,0,5.329982817869414,10000,False
cv70_u30000_minus_jvs70_u15000/verification/eer_operating/all_input_frr,-2.6666666666666665,-8.0,0,0.40000000000000036,10000,False
cv70_u30000_minus_jvs70_u15000/verification/eer_operating/far,1.6034985422740524,-0.11692176870748304,0,5.43875797741777,10000,False
cv70_u30000_minus_jvs70_u15000/verification/eer_operating/frr,-2.721088435374149,-8.16326530612245,0,0.40816326530612246,10000,False
cv70_u30000_minus_jvs70_u15000/verification/far_0_1pct/all_input_far,0.4666666666666666,-0.23003947368421046,0,2.0,10000,False
cv70_u30000_minus_jvs70_u15000/verification/far_0_1pct/all_input_frr,-7.600000000000001,-14.666666666666666,0,-2.0000000000000004,10000,False
cv70_u30000_minus_jvs70_u15000/verification/far_0_1pct/far,0.4761904761904762,-0.23473415682062299,0,2.0408163265306123,10000,False
cv70_u30000_minus_jvs70_u15000/verification/far_0_1pct/frr,-7.755102040816326,-14.965986394557824,0,-2.040816326530613,10000,False
cv70_u30000_minus_jvs70_u15000/verification/far_1pct/all_input_far,1.942857142857143,-0.20623926116838495,0,6.295967216673902,10000,False
cv70_u30000_minus_jvs70_u15000/verification/far_1pct/all_input_frr,-1.6000000000000003,-6.533333333333332,0,1.4666666666666668,10000,False
cv70_u30000_minus_jvs70_u15000/verification/far_1pct/far,1.9825072886297375,-0.21044822568202534,0,6.424456343544798,10000,False
cv70_u30000_minus_jvs70_u15000/verification/far_1pct/frr,-1.6326530612244896,-6.666666666666668,0,1.4965986394557824,10000,False
cv70_u30000_minus_jvs70_u15000/verification/pooled_eer,0.24295432458697785,-0.9846853074936578,0,2.1193864705216576,10000,False
cv70_u30000_minus_jvs70_u15000/verification/query_coverage,0.0,0.0,0,0.0,10000,False
