step,pass,phoneme,additional_phonemes,previous_best_eer,validation_eer,eer_delta,status,best_eer_after
1,1,cl,cl,0.006705539358600583,0.007677356656948494,0.0009718172983479104,rejected,0.006705539358600583
2,1,r,r,0.006705539358600583,0.00816326530612245,0.0014577259475218665,rejected,0.006705539358600583
3,1,ty,ty,0.006705539358600583,,,unavailable,0.006705539358600583
4,1,z,z,0.006705539358600583,0.008843537414965987,0.002137998056365404,rejected,0.006705539358600583
5,1,b,b,0.006705539358600583,0.005733722060252673,-0.0009718172983479104,accepted,0.005733722060252673
6,1,my,b/my,0.005733722060252673,0.008357628765792031,0.0026239067055393583,rejected,0.005733722060252673
7,1,t,b/t,0.005733722060252673,0.009815354713313898,0.004081632653061225,rejected,0.005733722060252673
8,1,ky,b/ky,0.005733722060252673,0.01185617103984451,0.006122448979591837,rejected,0.005733722060252673
9,1,k,b/k,0.005733722060252673,0.00816326530612245,0.002429543245869777,rejected,0.005733722060252673
10,1,v,b/v,0.005733722060252673,0.005636540330417881,-9.718172983479156e-05,accepted,0.005636540330417881
11,1,w,b/v/w,0.005636540330417881,0.00816326530612245,0.0025267249757045685,rejected,0.005636540330417881
12,1,n,b/n/v,0.005636540330417881,0.00816326530612245,0.0025267249757045685,rejected,0.005636540330417881
13,1,y,b/v/y,0.005636540330417881,0.006802721088435374,0.0011661807580174927,rejected,0.005636540330417881
14,1,gy,b/gy/v,0.005636540330417881,0.006802721088435374,0.0011661807580174927,rejected,0.005636540330417881
15,1,hy,b/hy/v,0.005636540330417881,0.009523809523809525,0.0038872691933916435,rejected,0.005636540330417881
16,1,p,b/p/v,0.005636540330417881,0.006802721088435374,0.0011661807580174927,rejected,0.005636540330417881
17,1,sh,b/sh/v,0.005636540330417881,0.006511175898931001,0.0008746355685131197,rejected,0.005636540330417881
18,1,j,b/j/v,0.005636540330417881,0.009426627793974733,0.003790087463556852,rejected,0.005636540330417881
19,1,by,b/by/v,0.005636540330417881,0.007871720116618075,0.002235179786200194,rejected,0.005636540330417881
20,1,ch,b/ch/v,0.005636540330417881,0.007191448007774538,0.0015549076773566572,rejected,0.005636540330417881
21,1,py,b/py/v,0.005636540330417881,0.007482993197278911,0.0018464528668610302,rejected,0.005636540330417881
22,1,dy,b/dy/v,0.005636540330417881,0.007288629737609329,0.001652089407191448,rejected,0.005636540330417881
23,1,ny,b/ny/v,0.005636540330417881,0.0058309037900874635,0.00019436345966958226,rejected,0.005636540330417881
24,1,s,b/s/v,0.005636540330417881,0.005442176870748299,-0.00019436345966958226,accepted,0.005442176870748299
25,1,m,b/m/s/v,0.005442176870748299,0.005442176870748299,0.0,rejected,0.005442176870748299
26,1,f,b/f/s/v,0.005442176870748299,0.005442176870748299,0.0,rejected,0.005442176870748299
27,1,h,b/h/s/v,0.005442176870748299,0.006219630709426628,0.000777453838678329,rejected,0.005442176870748299
28,1,ts,b/s/ts/v,0.005442176870748299,0.006316812439261419,0.0008746355685131197,rejected,0.005442176870748299
29,1,ry,b/ry/s/v,0.005442176870748299,0.005150631681243926,-0.00029154518950437296,accepted,0.005150631681243926
30,1,d,b/d/ry/s/v,0.005150631681243926,0.005636540330417881,0.0004859086491739552,rejected,0.005150631681243926
31,1,g,b/g/ry/s/v,0.005150631681243926,0.006025267249757046,0.0008746355685131197,rejected,0.005150631681243926
32,1,N,N/b/ry/s/v,0.005150631681243926,0.00641399416909621,0.0012633624878522843,rejected,0.005150631681243926
33,2,cl,b/cl/ry/s/v,0.005150631681243926,0.0052478134110787176,9.718172983479156e-05,rejected,0.005150631681243926
34,2,r,b/r/ry/s/v,0.005150631681243926,0.007191448007774538,0.0020408163265306124,rejected,0.005150631681243926
35,2,ty,b/ry/s/ty/v,0.005150631681243926,,,unavailable,0.005150631681243926
36,2,z,b/ry/s/v/z,0.005150631681243926,0.006802721088435374,0.001652089407191448,rejected,0.005150631681243926
37,2,my,b/my/ry/s/v,0.005150631681243926,0.005928085519922255,0.000777453838678329,rejected,0.005150631681243926
38,2,t,b/ry/s/t/v,0.005150631681243926,0.0058309037900874635,0.0006802721088435375,rejected,0.005150631681243926
39,2,ky,b/ky/ry/s/v,0.005150631681243926,0.007191448007774538,0.0020408163265306124,rejected,0.005150631681243926
40,2,k,b/k/ry/s/v,0.005150631681243926,0.005442176870748299,0.00029154518950437296,rejected,0.005150631681243926
41,2,w,b/ry/s/v/w,0.005150631681243926,0.006511175898931001,0.001360544217687075,rejected,0.005150631681243926
42,2,n,b/n/ry/s/v,0.005150631681243926,0.005442176870748299,0.00029154518950437296,rejected,0.005150631681243926
43,2,y,b/ry/s/v/y,0.005150631681243926,0.005344995140913508,0.00019436345966958226,rejected,0.005150631681243926
44,2,gy,b/gy/ry/s/v,0.005150631681243926,0.0044703595724003885,-0.0006802721088435375,accepted,0.0044703595724003885
45,2,hy,b/gy/hy/ry/s/v,0.0044703595724003885,0.007774538386783284,0.003304178814382896,rejected,0.0044703595724003885
46,2,p,b/gy/p/ry/s/v,0.0044703595724003885,0.006802721088435374,0.0023323615160349854,rejected,0.0044703595724003885
47,2,sh,b/gy/ry/s/sh/v,0.0044703595724003885,0.006802721088435374,0.0023323615160349854,rejected,0.0044703595724003885
48,2,j,b/gy/j/ry/s/v,0.0044703595724003885,0.007482993197278911,0.003012633624878523,rejected,0.0044703595724003885
49,2,by,b/by/gy/ry/s/v,0.0044703595724003885,0.006122448979591836,0.001652089407191448,rejected,0.0044703595724003885
50,2,ch,b/ch/gy/ry/s/v,0.0044703595724003885,0.007677356656948494,0.003206997084548105,rejected,0.0044703595724003885
51,2,py,b/gy/py/ry/s/v,0.0044703595724003885,0.006802721088435374,0.0023323615160349854,rejected,0.0044703595724003885
52,2,dy,b/dy/gy/ry/s/v,0.0044703595724003885,0.006802721088435374,0.0023323615160349854,rejected,0.0044703595724003885
53,2,ny,b/gy/ny/ry/s/v,0.0044703595724003885,0.005442176870748299,0.0009718172983479104,rejected,0.0044703595724003885
54,2,m,b/gy/m/ry/s/v,0.0044703595724003885,0.004761904761904762,0.0002915451895043738,rejected,0.0044703595724003885
55,2,f,b/f/gy/ry/s/v,0.0044703595724003885,0.008649173955296404,0.0041788143828960156,rejected,0.0044703595724003885
56,2,h,b/gy/h/ry/s/v,0.0044703595724003885,0.006705539358600583,0.0022351797862001947,rejected,0.0044703595724003885
57,2,ts,b/gy/ry/s/ts/v,0.0044703595724003885,0.005442176870748299,0.0009718172983479104,rejected,0.0044703595724003885
58,2,d,b/d/gy/ry/s/v,0.0044703595724003885,0.006608357628765792,0.002137998056365403,rejected,0.0044703595724003885
59,2,g,b/g/gy/ry/s/v,0.0044703595724003885,0.0058309037900874635,0.001360544217687075,rejected,0.0044703595724003885
60,2,N,N/b/gy/ry/s/v,0.0044703595724003885,0.005442176870748299,0.0009718172983479104,rejected,0.0044703595724003885
61,3,cl,b/cl/gy/ry/s/v,0.0044703595724003885,0.005442176870748299,0.0009718172983479104,rejected,0.0044703595724003885
62,3,r,b/gy/r/ry/s/v,0.0044703595724003885,0.00826044703595724,0.003790087463556851,rejected,0.0044703595724003885
63,3,ty,b/gy/ry/s/ty/v,0.0044703595724003885,,,unavailable,0.0044703595724003885
64,3,z,b/gy/ry/s/v/z,0.0044703595724003885,0.006316812439261419,0.0018464528668610302,rejected,0.0044703595724003885
65,3,my,b/gy/my/ry/s/v,0.0044703595724003885,0.0055393586005830905,0.001068999028182702,rejected,0.0044703595724003885
66,3,t,b/gy/ry/s/t/v,0.0044703595724003885,0.0055393586005830905,0.001068999028182702,rejected,0.0044703595724003885
67,3,ky,b/gy/ky/ry/s/v,0.0044703595724003885,0.009426627793974733,0.004956268221574345,rejected,0.0044703595724003885
68,3,k,b/gy/k/ry/s/v,0.0044703595724003885,0.005442176870748299,0.0009718172983479104,rejected,0.0044703595724003885
69,3,w,b/gy/ry/s/v/w,0.0044703595724003885,0.006608357628765792,0.002137998056365403,rejected,0.0044703595724003885
70,3,n,b/gy/n/ry/s/v,0.0044703595724003885,0.004664723032069971,0.00019436345966958226,rejected,0.0044703595724003885
71,3,y,b/gy/ry/s/v/y,0.0044703595724003885,0.005442176870748299,0.0009718172983479104,rejected,0.0044703595724003885
72,3,hy,b/gy/hy/ry/s/v,0.0044703595724003885,0.007774538386783284,0.003304178814382896,rejected,0.0044703595724003885
73,3,p,b/gy/p/ry/s/v,0.0044703595724003885,0.006802721088435374,0.0023323615160349854,rejected,0.0044703595724003885
74,3,sh,b/gy/ry/s/sh/v,0.0044703595724003885,0.006802721088435374,0.0023323615160349854,rejected,0.0044703595724003885
75,3,j,b/gy/j/ry/s/v,0.0044703595724003885,0.007482993197278911,0.003012633624878523,rejected,0.0044703595724003885
76,3,by,b/by/gy/ry/s/v,0.0044703595724003885,0.006122448979591836,0.001652089407191448,rejected,0.0044703595724003885
77,3,ch,b/ch/gy/ry/s/v,0.0044703595724003885,0.007677356656948494,0.003206997084548105,rejected,0.0044703595724003885
78,3,py,b/gy/py/ry/s/v,0.0044703595724003885,0.006802721088435374,0.0023323615160349854,rejected,0.0044703595724003885
79,3,dy,b/dy/gy/ry/s/v,0.0044703595724003885,0.006802721088435374,0.0023323615160349854,rejected,0.0044703595724003885
80,3,ny,b/gy/ny/ry/s/v,0.0044703595724003885,0.005442176870748299,0.0009718172983479104,rejected,0.0044703595724003885
81,3,m,b/gy/m/ry/s/v,0.0044703595724003885,0.004761904761904762,0.0002915451895043738,rejected,0.0044703595724003885
82,3,f,b/f/gy/ry/s/v,0.0044703595724003885,0.008649173955296404,0.0041788143828960156,rejected,0.0044703595724003885
83,3,h,b/gy/h/ry/s/v,0.0044703595724003885,0.006705539358600583,0.0022351797862001947,rejected,0.0044703595724003885
84,3,ts,b/gy/ry/s/ts/v,0.0044703595724003885,0.005442176870748299,0.0009718172983479104,rejected,0.0044703595724003885
85,3,d,b/d/gy/ry/s/v,0.0044703595724003885,0.006608357628765792,0.002137998056365403,rejected,0.0044703595724003885
86,3,g,b/g/gy/ry/s/v,0.0044703595724003885,0.0058309037900874635,0.001360544217687075,rejected,0.0044703595724003885
87,3,N,N/b/gy/ry/s/v,0.0044703595724003885,0.005442176870748299,0.0009718172983479104,rejected,0.0044703595724003885
