split,enrollment,role,point,threshold,coverage,eer,genuine,impostor,false_accepts,false_rejects,far,frr,no_score_genuine,no_score_impostor,all_genuine,all_impostor,all_input_far,all_input_frr,all_input_far_ci95_lower,all_input_far_ci95_upper,all_input_frr_ci95_lower,all_input_frr_ci95_upper,far_ci95_lower,far_ci95_upper,frr_ci95_lower,frr_ci95_upper
validation,n10,verification,far_1pct,0.4782227879111038,0.98,0.004761904761904762,735,10290,102,2,0.009912536443148687,0.0027210884353741495,15,210,750,10500,0.009714285714285713,0.02266666666666667,,,,,,,,
validation,n10,verification,far_0_1pct,0.5413681840933452,0.98,0.004761904761904762,735,10290,10,38,0.0009718172983479105,0.05170068027210884,15,210,750,10500,0.0009523809523809524,0.07066666666666667,,,,,,,,
validation,n10,verification,eer_operating,0.502508332899292,0.98,0.004761904761904762,735,10290,49,4,0.004761904761904762,0.005442176870748299,15,210,750,10500,0.004666666666666667,0.025333333333333333,,,,,,,,
validation,n10,cross_text_verification,far_1pct,0.4782227879111038,0.8711111111111111,0.009475218658892129,392,5488,43,4,0.00783527696793003,0.01020408163265306,58,812,450,6300,0.006825396825396826,0.13777777777777778,,,,,,,,
validation,n10,cross_text_verification,far_0_1pct,0.5413681840933452,0.8711111111111111,0.009475218658892129,392,5488,5,47,0.0009110787172011661,0.11989795918367346,58,812,450,6300,0.0007936507936507937,0.23333333333333334,,,,,,,,
validation,n10,cross_text_verification,eer_operating,0.502508332899292,0.8711111111111111,0.009475218658892129,392,5488,24,10,0.004373177842565598,0.025510204081632654,58,812,450,6300,0.0038095238095238095,0.1511111111111111,,,,,,,,
validation,n20,verification,far_1pct,0.4937107131736062,0.98,0.005150631681243926,735,10290,102,2,0.009912536443148687,0.0027210884353741495,15,210,750,10500,0.009714285714285713,0.02266666666666667,,,,,,,,
validation,n20,verification,far_0_1pct,0.5544633612260949,0.98,0.005150631681243926,735,10290,10,26,0.0009718172983479105,0.03537414965986395,15,210,750,10500,0.0009523809523809524,0.05466666666666667,,,,,,,,
validation,n20,verification,eer_operating,0.5144991910097826,0.98,0.005150631681243926,735,10290,53,4,0.005150631681243926,0.005442176870748299,15,210,750,10500,0.005047619047619047,0.025333333333333333,,,,,,,,
validation,n20,cross_text_verification,far_1pct,0.4937107131736062,0.8711111111111111,0.008928571428571428,392,5488,42,5,0.007653061224489796,0.012755102040816327,58,812,450,6300,0.006666666666666667,0.14,,,,,,,,
validation,n20,cross_text_verification,far_0_1pct,0.5544633612260949,0.8711111111111111,0.008928571428571428,392,5488,5,43,0.0009110787172011661,0.1096938775510204,58,812,450,6300,0.0007936507936507937,0.22444444444444445,,,,,,,,
validation,n20,cross_text_verification,eer_operating,0.5144991910097826,0.8711111111111111,0.008928571428571428,392,5488,22,10,0.004008746355685131,0.025510204081632654,58,812,450,6300,0.003492063492063492,0.1511111111111111,,,,,,,,
validation,n30,verification,far_1pct,0.5008373307185894,0.98,0.004081632653061225,735,10290,102,1,0.009912536443148687,0.0013605442176870747,15,210,750,10500,0.009714285714285713,0.021333333333333333,,,,,,,,
validation,n30,verification,far_0_1pct,0.5614868816741011,0.98,0.004081632653061225,735,10290,10,22,0.0009718172983479105,0.029931972789115645,15,210,750,10500,0.0009523809523809524,0.04933333333333333,,,,,,,,
validation,n30,verification,eer_operating,0.523014258175538,0.98,0.004081632653061225,735,10290,42,3,0.004081632653061225,0.004081632653061225,15,210,750,10500,0.004,0.024,,,,,,,,
validation,n30,cross_text_verification,far_1pct,0.5008373307185894,0.8711111111111111,0.006377551020408163,392,5488,40,2,0.007288629737609329,0.00510204081632653,58,812,450,6300,0.006349206349206349,0.13333333333333333,,,,,,,,
validation,n30,cross_text_verification,far_0_1pct,0.5614868816741011,0.8711111111111111,0.006377551020408163,392,5488,3,44,0.0005466472303206997,0.11224489795918367,58,812,450,6300,0.0004761904761904762,0.22666666666666666,,,,,,,,
validation,n30,cross_text_verification,eer_operating,0.523014258175538,0.8711111111111111,0.006377551020408163,392,5488,17,8,0.003097667638483965,0.02040816326530612,58,812,450,6300,0.0026984126984126986,0.14666666666666667,,,,,,,,
test,n10,cross_text_verification,far_1pct,0.4782227879111038,0.8711111111111111,0.012572886297376093,392,5488,46,8,0.008381924198250729,0.02040816326530612,58,812,450,6300,0.007301587301587302,0.14666666666666667,0.0,0.020875420875420877,0.11555555555555555,0.17777777777777778,0.0,0.024267932275181606,0.002564102564102564,0.0479828346758726
test,n10,cross_text_verification,far_0_1pct,0.5413681840933452,0.8711111111111111,0.012572886297376093,392,5488,3,70,0.0005466472303206997,0.17857142857142858,58,812,450,6300,0.0004761904761904762,0.28444444444444444,0.0,0.0020408163265306124,0.18888888888888888,0.4,0.0,0.0023510971786833857,0.06735751295336788,0.3148614609571788
test,n10,cross_text_verification,eer_operating,0.502508332899292,0.8711111111111111,0.012572886297376093,392,5488,21,23,0.003826530612244898,0.058673469387755105,58,812,450,6300,0.0033333333333333335,0.18,0.0,0.014285714285714285,0.13333333333333333,0.24222222222222223,0.0,0.016477158840426376,0.010178117048346057,0.12977347080400511
test,n10,verification,far_1pct,0.4782227879111038,0.98,0.015257531584062196,735,10290,75,19,0.007288629737609329,0.02585034013605442,15,210,750,10500,0.007142857142857143,0.04533333333333334,0.00010204081632653062,0.02193978528911563,0.02,0.08933333333333333,0.00010412328196584757,0.022387536009301663,0.0,0.0707482993197279
test,n10,verification,far_0_1pct,0.5413681840933452,0.98,0.015257531584062196,735,10290,10,94,0.0009718172983479105,0.12789115646258503,15,210,750,10500,0.0009523809523809524,0.14533333333333334,0.0,0.006,0.06266666666666666,0.24666666666666667,0.0,0.006122448979591836,0.04353741496598639,0.23129251700680273
test,n10,verification,eer_operating,0.502508332899292,0.98,0.015257531584062196,735,10290,34,33,0.003304178814382896,0.044897959183673466,15,210,750,10500,0.0032380952380952383,0.064,0.0,0.014000543478260862,0.02,0.13066666666666665,0.0,0.014286268855368225,0.0,0.11292517006802721
test,n20,cross_text_verification,far_1pct,0.4937107131736062,0.8711111111111111,0.011661807580174927,392,5488,43,10,0.00783527696793003,0.025510204081632654,58,812,450,6300,0.006825396825396826,0.1511111111111111,0.0,0.020918457808655377,0.11555555555555555,0.19111111111111112,0.0,0.024175201214572267,0.0,0.06459948320413436
test,n20,cross_text_verification,far_0_1pct,0.5544633612260949,0.8711111111111111,0.011661807580174927,392,5488,5,60,0.0009110787172011661,0.15306122448979592,58,812,450,6300,0.0007936507936507937,0.26222222222222225,0.0,0.005,0.16444444444444445,0.38666666666666666,0.0,0.0057100440480722155,0.03875968992248062,0.2963917525773196
test,n20,cross_text_verification,eer_operating,0.5144991910097826,0.8711111111111111,0.011661807580174927,392,5488,23,20,0.0041909620991253645,0.05102040816326531,58,812,450,6300,0.003650793650793651,0.17333333333333334,0.0,0.01649488919279052,0.1288888888888889,0.2288888888888889,0.0,0.018883938073952434,0.010075566750629723,0.11227805119096103
test,n20,verification,far_1pct,0.4937107131736062,0.98,0.014188532555879495,735,10290,70,20,0.006802721088435374,0.027210884353741496,15,210,750,10500,0.006666666666666667,0.04666666666666667,0.0,0.0214605347938144,0.02,0.09333333333333334,0.0,0.02189850489164735,0.0,0.07482993197278912
test,n20,verification,far_0_1pct,0.5544633612260949,0.98,0.014188532555879495,735,10290,13,78,0.0012633624878522838,0.10612244897959183,15,210,750,10500,0.001238095238095238,0.124,0.0,0.0078,0.04930000000000003,0.22133333333333333,0.0,0.007959183673469388,0.0298979591836735,0.2054421768707483
test,n20,verification,eer_operating,0.5144991910097826,0.98,0.014188532555879495,735,10290,36,30,0.003498542274052478,0.04081632653061224,15,210,750,10500,0.0034285714285714284,0.06,0.0,0.016363636363636365,0.02,0.12266666666666666,0.0,0.016697588126159554,0.0,0.10476190476190476
test,n30,cross_text_verification,far_1pct,0.5008373307185894,0.8711111111111111,0.010021865889212828,392,5488,33,8,0.006013119533527697,0.02040816326530612,58,812,450,6300,0.005238095238095238,0.14666666666666667,0.0,0.018013468013468013,0.11333333333333333,0.18222222222222223,0.0,0.020632826970698577,0.0,0.05303030303030303
test,n30,cross_text_verification,far_0_1pct,0.5614868816741011,0.8711111111111111,0.010021865889212828,392,5488,5,51,0.0009110787172011661,0.13010204081632654,58,812,450,6300,0.0007936507936507937,0.24222222222222223,0.0,0.005,0.16,0.3488888888888889,0.0,0.0057100440480722155,0.03580562659846547,0.25319775702663944
test,n30,cross_text_verification,eer_operating,0.523014258175538,0.8711111111111111,0.010021865889212828,392,5488,22,15,0.004008746355685131,0.03826530612244898,58,812,450,6300,0.003492063492063492,0.1622222222222222,0.0,0.015464224349533625,0.11777777777777777,0.21777777777777776,0.0,0.017747229811778988,0.0,0.09848484848484848
test,n30,verification,far_1pct,0.5008373307185894,0.98,0.012730806608357629,735,10290,69,19,0.006705539358600583,0.02585034013605442,15,210,750,10500,0.006571428571428572,0.04533333333333334,0.0,0.022857142857142857,0.02,0.08933333333333333,0.0,0.023323615160349854,0.0,0.0707482993197279
test,n30,verification,far_0_1pct,0.5614868816741011,0.98,0.012730806608357629,735,10290,13,78,0.0012633624878522838,0.10612244897959183,15,210,750,10500,0.001238095238095238,0.124,0.0,0.0078,0.048,0.224,0.0,0.007959183673469388,0.02857142857142857,0.20816326530612245
test,n30,verification,eer_operating,0.523014258175538,0.98,0.012730806608357629,735,10290,35,28,0.003401360544217687,0.0380952380952381,15,210,750,10500,0.0033333333333333335,0.05733333333333333,0.0,0.016363636363636365,0.02266666666666667,0.11469999999999951,0.0,0.016697588126159554,0.0027210884353741495,0.096632653061224
