comparison,difference_percentage_points,ci95_lower,ci95_upper,ci95_valid_replicates,ci95_undefined_replicates
verification/n20_minus_n10/far_1pct/far,-0.04859086491739552,-0.3265306122448979,0.1313478122005748,10000,0
verification/n20_minus_n10/far_1pct/frr,0.1360544217687075,0.0,0.4081632653061232,10000,0
verification/n20_minus_n10/far_1pct/all_input_far,-0.047619047619047554,-0.31999999999999995,0.12872085595656324,10000,0
verification/n20_minus_n10/far_1pct/all_input_frr,0.13333333333333322,0.0,0.40000000000000036,10000,0
verification/n20_minus_n10/far_0_1pct/far,0.029154518950437327,0.0,0.18367346938775514,10000,0
verification/n20_minus_n10/far_0_1pct/frr,-2.17687074829932,-4.217687074829931,-0.40816326530612246,10000,0
verification/n20_minus_n10/far_0_1pct/all_input_far,0.028571428571428564,0.0,0.17999999999999994,10000,0
verification/n20_minus_n10/far_0_1pct/all_input_frr,-2.133333333333334,-4.133333333333333,-0.40000000000000036,10000,0
verification/n20_minus_n10/eer_operating/far,0.019436345966958226,-0.12889366272824918,0.22675736961451243,10000,0
verification/n20_minus_n10/eer_operating/frr,-0.40816326530612246,-1.2244897959183678,0.0,10000,0
verification/n20_minus_n10/eer_operating/all_input_far,0.019047619047619015,-0.1263157894736842,0.22222222222222227,10000,0
verification/n20_minus_n10/eer_operating/all_input_frr,-0.40000000000000036,-1.2000000000000004,0.0,10000,0
verification/n30_minus_n10/far_1pct/far,-0.05830903790087459,-0.32612034504523474,0.12755102040816324,10000,0
verification/n30_minus_n10/far_1pct/frr,0.0,0.0,0.0,10000,0
verification/n30_minus_n10/far_1pct/all_input_far,-0.05714285714285708,-0.3195979381443299,0.1250000000000001,10000,0
verification/n30_minus_n10/far_1pct/all_input_frr,0.0,0.0,0.0,10000,0
verification/n30_minus_n10/far_0_1pct/far,0.029154518950437327,0.0,0.18367346938775514,10000,0
verification/n30_minus_n10/far_0_1pct/frr,-2.17687074829932,-4.625850340136056,0.0,10000,0
verification/n30_minus_n10/far_0_1pct/all_input_far,0.028571428571428564,0.0,0.17999999999999994,10000,0
verification/n30_minus_n10/far_0_1pct/all_input_frr,-2.133333333333334,-4.533333333333333,0.0,10000,0
verification/n30_minus_n10/eer_operating/far,0.009718172983479113,-0.10858324112074481,0.19132653061224475,10000,0
verification/n30_minus_n10/eer_operating/frr,-0.6802721088435368,-2.040816326530612,0.2721088435374151,10000,0
verification/n30_minus_n10/eer_operating/all_input_far,0.009523809523809528,-0.1064115762983299,0.18749999999999983,10000,0
verification/n30_minus_n10/eer_operating/all_input_frr,-0.6666666666666667,-1.9999999999999998,0.26666666666666644,10000,0
verification/n30_minus_n20/far_1pct/far,-0.00971817298347907,-0.24989587671803412,0.1893540921523249,10000,0
verification/n30_minus_n20/far_1pct/frr,-0.1360544217687075,-0.4081632653061232,0.0,10000,0
verification/n30_minus_n20/far_1pct/all_input_far,-0.009523809523809528,-0.24489795918367346,0.18556701030927847,10000,0
verification/n30_minus_n20/far_1pct/all_input_frr,-0.13333333333333322,-0.40000000000000036,0.0,10000,0
verification/n30_minus_n20/far_0_1pct/far,0.0,0.0,0.0,10000,0
verification/n30_minus_n20/far_0_1pct/frr,0.0,-1.08843537414966,0.8163265306122464,10000,0
verification/n30_minus_n20/far_0_1pct/all_input_far,0.0,0.0,0.0,10000,0
verification/n30_minus_n20/far_0_1pct/all_input_frr,0.0,-1.0666666666666658,0.8000000000000007,10000,0
verification/n30_minus_n20/eer_operating/far,-0.009718172983479113,-0.07215007215007214,0.04251700680272105,10000,0
verification/n30_minus_n20/eer_operating/frr,-0.27210884353741427,-0.9523809523809532,0.2721088435374151,10000,0
verification/n30_minus_n20/eer_operating/all_input_far,-0.009523809523809485,-0.0707070707070707,0.04166666666666667,10000,0
verification/n30_minus_n20/eer_operating/all_input_frr,-0.26666666666666644,-0.9333333333333332,0.2666666666666668,10000,0
cross_text_verification/n20_minus_n10/far_1pct/far,-0.05466472303206991,-0.3073406401825129,0.09873715220366977,10000,0
cross_text_verification/n20_minus_n10/far_1pct/frr,0.5102040816326533,-0.5128205128205129,1.8087855297157625,10000,0
cross_text_verification/n20_minus_n10/far_1pct/all_input_far,-0.047619047619047644,-0.2721088435374151,0.08503401360544219,10000,0
cross_text_verification/n20_minus_n10/far_1pct/all_input_frr,0.44444444444444453,-0.44444444444444453,1.5555555555555571,10000,0
cross_text_verification/n20_minus_n10/far_0_1pct/far,0.03644314868804664,-0.0792102763012225,0.30788493440284836,10000,0
cross_text_verification/n20_minus_n10/far_0_1pct/frr,-2.5510204081632653,-5.398805422309384,0.0,10000,0
cross_text_verification/n20_minus_n10/far_0_1pct/all_input_far,0.031746031746031744,-0.06944444444444445,0.2660289407458238,10000,0
cross_text_verification/n20_minus_n10/far_0_1pct/all_input_frr,-2.2222222222222197,-4.666666666666669,0.0,10000,0
cross_text_verification/n20_minus_n10/eer_operating/far,0.03644314868804666,-0.08077626017852188,0.24213319439570444,10000,0
cross_text_verification/n20_minus_n10/eer_operating/frr,-0.7653061224489798,-2.2900763358778624,0.789473684210526,10000,0
cross_text_verification/n20_minus_n10/eer_operating/all_input_far,0.031746031746031744,-0.07017543859649122,0.2083333333333333,10000,0
cross_text_verification/n20_minus_n10/eer_operating/all_input_frr,-0.6666666666666654,-2.0000000000000018,0.6666666666666682,10000,0
cross_text_verification/n30_minus_n10/far_1pct/far,-0.2368804664723032,-0.6503771616197145,0.0,10000,0
cross_text_verification/n30_minus_n10/far_1pct/frr,0.0,-0.7614213197969542,0.7614213197969545,10000,0
cross_text_verification/n30_minus_n10/far_1pct/all_input_far,-0.20634920634920642,-0.5724037247474748,0.0,10000,0
cross_text_verification/n30_minus_n10/far_1pct/all_input_frr,0.0,-0.6666666666666654,0.6666666666666654,10000,0
cross_text_verification/n30_minus_n10/far_0_1pct/far,0.03644314868804664,-0.0792102763012225,0.30788493440284836,10000,0
cross_text_verification/n30_minus_n10/far_0_1pct/frr,-4.846938775510204,-7.8085642317380355,-2.0725388601036268,10000,0
cross_text_verification/n30_minus_n10/far_0_1pct/all_input_far,0.031746031746031744,-0.06944444444444445,0.2660289407458238,10000,0
cross_text_verification/n30_minus_n10/far_0_1pct/all_input_frr,-4.222222222222221,-6.888888888888889,-1.7777777777777781,10000,0
cross_text_verification/n30_minus_n10/eer_operating/far,0.01822157434402333,-0.08174533666358375,0.15962649640861912,10000,0
cross_text_verification/n30_minus_n10/eer_operating/frr,-2.0408163265306123,-4.250266290726817,0.0,10000,0
cross_text_verification/n30_minus_n10/eer_operating/all_input_far,0.01587301587301585,-0.07168458781362007,0.13745704467353936,10000,0
cross_text_verification/n30_minus_n10/eer_operating/all_input_frr,-1.7777777777777781,-3.7777777777777772,0.0,10000,0
cross_text_verification/n30_minus_n20/far_1pct/far,-0.1822157434402333,-0.6097747103844664,0.0,10000,0
cross_text_verification/n30_minus_n20/far_1pct/frr,-0.5102040816326533,-1.282051282051282,0.0,10000,0
cross_text_verification/n30_minus_n20/far_1pct/all_input_far,-0.15873015873015878,-0.5272108843537414,0.0,10000,0
cross_text_verification/n30_minus_n20/far_1pct/all_input_frr,-0.44444444444444453,-1.1111111111111098,0.0,10000,0
cross_text_verification/n30_minus_n20/far_0_1pct/far,0.0,0.0,0.0,10000,0
cross_text_verification/n30_minus_n20/far_0_1pct/frr,-2.2959183673469385,-5.426356589147286,0.0,10000,0
cross_text_verification/n30_minus_n20/far_0_1pct/all_input_far,0.0,0.0,0.0,10000,0
cross_text_verification/n30_minus_n20/far_0_1pct/all_input_frr,-2.0000000000000018,-4.666666666666669,0.0,10000,0
cross_text_verification/n30_minus_n20/eer_operating/far,-0.01822157434402333,-0.11420088096144426,0.0,10000,0
cross_text_verification/n30_minus_n20/eer_operating/frr,-1.2755102040816326,-2.544691540738433,-0.25380710659898487,10000,0
cross_text_verification/n30_minus_n20/eer_operating/all_input_far,-0.015873015873015893,-0.10000000000000009,0.0,10000,0
cross_text_verification/n30_minus_n20/eer_operating/all_input_frr,-1.1111111111111127,-2.2222222222222228,-0.22222222222222088,10000,0
