split,condition,role,operating_point,threshold,all_input_far_pct,all_input_frr_pct,scored_far_pct,scored_frr_pct,pooled_eer_pct,query_coverage_pct,false_accepts,all_impostor_trials,false_rejects_scored,no_score_genuine,all_genuine_trials
validation,jvs70_u15000,verification,far_1pct,0.4782227879111038,0.9714285714285713,2.2666666666666666,0.9912536443148687,0.27210884353741494,0.4761904761904762,98.0,102,10500,2,15,750
validation,jvs70_u15000,verification,far_0_1pct,0.5413681840933452,0.09523809523809523,7.066666666666667,0.09718172983479105,5.170068027210884,0.4761904761904762,98.0,10,10500,38,15,750
validation,jvs70_u15000,verification,eer_operating,0.502508332899292,0.46666666666666673,2.533333333333333,0.4761904761904762,0.5442176870748299,0.4761904761904762,98.0,49,10500,4,15,750
validation,jvs70_u15000,cross_text_verification,far_1pct,0.4782227879111038,0.6825396825396826,13.777777777777779,0.7835276967930029,1.0204081632653061,0.9475218658892128,87.1111111111111,43,6300,4,58,450
validation,jvs70_u15000,cross_text_verification,far_0_1pct,0.5413681840933452,0.07936507936507936,23.333333333333332,0.09110787172011661,11.989795918367346,0.9475218658892128,87.1111111111111,5,6300,47,58,450
validation,jvs70_u15000,cross_text_verification,eer_operating,0.502508332899292,0.38095238095238093,15.11111111111111,0.43731778425655976,2.5510204081632653,0.9475218658892128,87.1111111111111,24,6300,10,58,450
validation,cv_u30000_s60k,verification,far_1pct,0.5447866545488925,0.9714285714285713,2.1333333333333333,0.9912536443148687,0.13605442176870747,0.5442176870748299,98.0,102,10500,1,15,750
validation,cv_u30000_s60k,verification,far_0_1pct,0.5893314501068189,0.09523809523809523,3.8666666666666667,0.09718172983479105,1.9047619047619049,0.5442176870748299,98.0,10,10500,14,15,750
validation,cv_u30000_s60k,verification,eer_operating,0.5601484471740069,0.5333333333333333,2.533333333333333,0.5442176870748299,0.5442176870748299,0.5442176870748299,98.0,56,10500,4,15,750
validation,cv_u30000_s60k,cross_text_verification,far_1pct,0.5447866545488925,0.9841269841269842,13.333333333333334,1.129737609329446,0.5102040816326531,0.7653061224489796,87.1111111111111,62,6300,2,58,450
validation,cv_u30000_s60k,cross_text_verification,far_0_1pct,0.5893314501068189,0.1111111111111111,17.11111111111111,0.12755102040816327,4.846938775510204,0.7653061224489796,87.1111111111111,7,6300,19,58,450
validation,cv_u30000_s60k,cross_text_verification,eer_operating,0.5601484471740069,0.4761904761904762,14.222222222222221,0.5466472303206997,1.530612244897959,0.7653061224489796,87.1111111111111,30,6300,6,58,450
validation,cv_u45000_s60k,verification,far_1pct,0.544172608703788,0.9714285714285713,2.1333333333333333,0.9912536443148687,0.13605442176870747,0.5442176870748299,98.0,102,10500,1,15,750
validation,cv_u45000_s60k,verification,far_0_1pct,0.5832922780008185,0.09523809523809523,3.4666666666666663,0.09718172983479105,1.4965986394557822,0.5442176870748299,98.0,10,10500,11,15,750
validation,cv_u45000_s60k,verification,eer_operating,0.5584585558583137,0.5333333333333333,2.533333333333333,0.5442176870748299,0.5442176870748299,0.5442176870748299,98.0,56,10500,4,15,750
validation,cv_u45000_s60k,cross_text_verification,far_1pct,0.544172608703788,0.9682539682539684,13.555555555555557,1.1115160349854227,0.7653061224489796,0.9839650145772596,87.1111111111111,61,6300,3,58,450
validation,cv_u45000_s60k,cross_text_verification,far_0_1pct,0.5832922780008185,0.14285714285714285,16.0,0.16399416909620992,3.571428571428571,0.9839650145772596,87.1111111111111,9,6300,14,58,450
validation,cv_u45000_s60k,cross_text_verification,eer_operating,0.5584585558583137,0.5396825396825398,14.222222222222221,0.619533527696793,1.530612244897959,0.9839650145772596,87.1111111111111,34,6300,6,58,450
validation,cv_u60000_s60k,verification,far_1pct,0.5428990574726545,0.9714285714285713,2.1333333333333333,0.9912536443148687,0.13605442176870747,0.5442176870748299,98.0,102,10500,1,15,750
validation,cv_u60000_s60k,verification,far_0_1pct,0.5843313137334979,0.09523809523809523,3.4666666666666663,0.09718172983479105,1.4965986394557822,0.5442176870748299,98.0,10,10500,11,15,750
validation,cv_u60000_s60k,verification,eer_operating,0.5551079542711114,0.5333333333333333,2.533333333333333,0.5442176870748299,0.5442176870748299,0.5442176870748299,98.0,56,10500,4,15,750
validation,cv_u60000_s60k,cross_text_verification,far_1pct,0.5428990574726545,0.8412698412698414,13.333333333333334,0.9657434402332361,0.5102040816326531,0.7835276967930029,87.1111111111111,53,6300,2,58,450
validation,cv_u60000_s60k,cross_text_verification,far_0_1pct,0.5843313137334979,0.1111111111111111,16.666666666666664,0.12755102040816327,4.336734693877551,0.7835276967930029,87.1111111111111,7,6300,17,58,450
validation,cv_u60000_s60k,cross_text_verification,eer_operating,0.5551079542711114,0.5714285714285714,14.444444444444443,0.6559766763848397,1.7857142857142856,0.7835276967930029,87.1111111111111,36,6300,7,58,450
validation,src_u30000_s60k,verification,far_1pct,0.5765021844493275,0.9714285714285713,2.1333333333333333,0.9912536443148687,0.13605442176870747,0.40816326530612246,98.0,102,10500,1,15,750
validation,src_u30000_s60k,verification,far_0_1pct,0.6180699594572211,0.09523809523809523,4.133333333333333,0.09718172983479105,2.1768707482993195,0.40816326530612246,98.0,10,10500,16,15,750
validation,src_u30000_s60k,verification,eer_operating,0.5956381883218718,0.4,2.4,0.40816326530612246,0.40816326530612246,0.40816326530612246,98.0,42,10500,3,15,750
validation,src_u30000_s60k,cross_text_verification,far_1pct,0.5765021844493275,0.9206349206349206,13.111111111111112,1.0568513119533527,0.25510204081632654,0.7288629737609329,87.1111111111111,58,6300,1,58,450
validation,src_u30000_s60k,cross_text_verification,far_0_1pct,0.6180699594572211,0.06349206349206349,16.22222222222222,0.0728862973760933,3.826530612244898,0.7288629737609329,87.1111111111111,4,6300,15,58,450
validation,src_u30000_s60k,cross_text_verification,eer_operating,0.5956381883218718,0.2698412698412699,14.000000000000002,0.3097667638483965,1.2755102040816326,0.7288629737609329,87.1111111111111,17,6300,5,58,450
validation,src_u45000_s60k,verification,far_1pct,0.5825706751439765,0.9714285714285713,2.1333333333333333,0.9912536443148687,0.13605442176870747,0.40816326530612246,98.0,102,10500,1,15,750
validation,src_u45000_s60k,verification,far_0_1pct,0.6267698773446643,0.09523809523809523,4.0,0.09718172983479105,2.0408163265306123,0.40816326530612246,98.0,10,10500,15,15,750
validation,src_u45000_s60k,verification,eer_operating,0.6014223139544821,0.4,2.4,0.40816326530612246,0.40816326530612246,0.40816326530612246,98.0,42,10500,3,15,750
validation,src_u45000_s60k,cross_text_verification,far_1pct,0.5825706751439765,0.9047619047619048,13.111111111111112,1.0386297376093294,0.25510204081632654,0.5830903790087464,87.1111111111111,57,6300,1,58,450
validation,src_u45000_s60k,cross_text_verification,far_0_1pct,0.6267698773446643,0.047619047619047616,17.333333333333336,0.05466472303206997,5.1020408163265305,0.5830903790087464,87.1111111111111,3,6300,20,58,450
validation,src_u45000_s60k,cross_text_verification,eer_operating,0.6014223139544821,0.20634920634920637,14.000000000000002,0.2368804664723032,1.2755102040816326,0.5830903790087464,87.1111111111111,13,6300,5,58,450
validation,src_u60000_s60k,verification,far_1pct,0.5829420444538859,0.9714285714285713,2.1333333333333333,0.9912536443148687,0.13605442176870747,0.40816326530612246,98.0,102,10500,1,15,750
validation,src_u60000_s60k,verification,far_0_1pct,0.6262519798715506,0.09523809523809523,4.266666666666667,0.09718172983479105,2.312925170068027,0.40816326530612246,98.0,10,10500,17,15,750
validation,src_u60000_s60k,verification,eer_operating,0.6019138810777261,0.4,2.4,0.40816326530612246,0.40816326530612246,0.40816326530612246,98.0,42,10500,3,15,750
validation,src_u60000_s60k,cross_text_verification,far_1pct,0.5829420444538859,0.873015873015873,13.333333333333334,1.0021865889212829,0.5102040816326531,0.6377551020408163,87.1111111111111,55,6300,2,58,450
validation,src_u60000_s60k,cross_text_verification,far_0_1pct,0.6262519798715506,0.047619047619047616,16.88888888888889,0.05466472303206997,4.591836734693878,0.6377551020408163,87.1111111111111,3,6300,18,58,450
validation,src_u60000_s60k,cross_text_verification,eer_operating,0.6019138810777261,0.2380952380952381,14.000000000000002,0.27332361516034986,1.2755102040816326,0.6377551020408163,87.1111111111111,15,6300,5,58,450
test,jvs70_u15000,verification,far_1pct,0.4782227879111038,0.7142857142857143,4.533333333333333,0.7288629737609329,2.585034013605442,1.5257531584062196,98.0,75,10500,19,15,750
test,jvs70_u15000,verification,far_0_1pct,0.5413681840933452,0.09523809523809523,14.533333333333335,0.09718172983479105,12.789115646258503,1.5257531584062196,98.0,10,10500,94,15,750
test,jvs70_u15000,verification,eer_operating,0.502508332899292,0.3238095238095238,6.4,0.3304178814382896,4.489795918367347,1.5257531584062196,98.0,34,10500,33,15,750
test,jvs70_u15000,cross_text_verification,far_1pct,0.4782227879111038,0.7301587301587302,14.666666666666666,0.8381924198250729,2.0408163265306123,1.2572886297376094,87.1111111111111,46,6300,8,58,450
test,jvs70_u15000,cross_text_verification,far_0_1pct,0.5413681840933452,0.047619047619047616,28.444444444444443,0.05466472303206997,17.857142857142858,1.2572886297376094,87.1111111111111,3,6300,70,58,450
test,jvs70_u15000,cross_text_verification,eer_operating,0.502508332899292,0.33333333333333337,18.0,0.3826530612244898,5.86734693877551,1.2572886297376094,87.1111111111111,21,6300,23,58,450
test,cv_u30000_s60k,verification,far_1pct,0.5447866545488925,2.3047619047619046,3.3333333333333335,2.3517978620019435,1.3605442176870748,1.6715257531584062,98.0,242,10500,10,15,750
test,cv_u30000_s60k,verification,far_0_1pct,0.5893314501068189,0.5047619047619047,7.866666666666666,0.5150631681243926,5.986394557823129,1.6715257531584062,98.0,53,10500,44,15,750
test,cv_u30000_s60k,verification,eer_operating,0.5601484471740069,1.3523809523809522,4.133333333333333,1.379980563654033,2.1768707482993195,1.6715257531584062,98.0,142,10500,16,15,750
test,cv_u30000_s60k,cross_text_verification,far_1pct,0.5447866545488925,1.7936507936507937,13.333333333333334,2.059037900874636,0.5102040816326531,1.1661807580174928,87.1111111111111,113,6300,2,58,450
test,cv_u30000_s60k,cross_text_verification,far_0_1pct,0.5893314501068189,0.25396825396825395,17.555555555555554,0.2915451895043732,5.357142857142857,1.1661807580174928,87.1111111111111,16,6300,21,58,450
test,cv_u30000_s60k,cross_text_verification,eer_operating,0.5601484471740069,1.0476190476190477,13.777777777777779,1.2026239067055393,1.0204081632653061,1.1661807580174928,87.1111111111111,66,6300,4,58,450
test,cv_u45000_s60k,verification,far_1pct,0.544172608703788,2.142857142857143,3.2,2.186588921282799,1.2244897959183674,1.9047619047619049,98.0,225,10500,9,15,750
test,cv_u45000_s60k,verification,far_0_1pct,0.5832922780008185,0.6190476190476191,6.266666666666667,0.6316812439261419,4.353741496598639,1.9047619047619049,98.0,65,10500,32,15,750
test,cv_u45000_s60k,verification,eer_operating,0.5584585558583137,1.5523809523809522,4.266666666666667,1.5840621963070942,2.312925170068027,1.9047619047619049,98.0,163,10500,17,15,750
test,cv_u45000_s60k,cross_text_verification,far_1pct,0.544172608703788,1.746031746031746,13.333333333333334,2.0043731778425657,0.5102040816326531,1.2755102040816326,87.1111111111111,110,6300,2,58,450
test,cv_u45000_s60k,cross_text_verification,far_0_1pct,0.5832922780008185,0.4444444444444444,16.88888888888889,0.5102040816326531,4.591836734693878,1.2755102040816326,87.1111111111111,28,6300,18,58,450
test,cv_u45000_s60k,cross_text_verification,eer_operating,0.5584585558583137,1.2063492063492065,14.000000000000002,1.3848396501457727,1.2755102040816326,1.2755102040816326,87.1111111111111,76,6300,5,58,450
test,cv_u60000_s60k,verification,far_1pct,0.5428990574726545,2.038095238095238,3.3333333333333335,2.0796890184645287,1.3605442176870748,1.7687074829931975,98.0,214,10500,10,15,750
test,cv_u60000_s60k,verification,far_0_1pct,0.5843313137334979,0.5047619047619047,7.199999999999999,0.5150631681243926,5.3061224489795915,1.7687074829931975,98.0,53,10500,39,15,750
test,cv_u60000_s60k,verification,eer_operating,0.5551079542711114,1.361904761904762,4.0,1.389698736637512,2.0408163265306123,1.7687074829931975,98.0,143,10500,15,15,750
test,cv_u60000_s60k,cross_text_verification,far_1pct,0.5428990574726545,1.5714285714285716,13.333333333333334,1.8039358600583093,0.5102040816326531,1.2755102040816326,87.1111111111111,99,6300,2,58,450
test,cv_u60000_s60k,cross_text_verification,far_0_1pct,0.5843313137334979,0.2857142857142857,17.333333333333336,0.32798833819241985,5.1020408163265305,1.2755102040816326,87.1111111111111,18,6300,20,58,450
test,cv_u60000_s60k,cross_text_verification,eer_operating,0.5551079542711114,1.1428571428571428,14.000000000000002,1.3119533527696794,1.2755102040816326,1.2755102040816326,87.1111111111111,72,6300,5,58,450
test,src_u30000_s60k,verification,far_1pct,0.5765021844493275,1.5047619047619047,2.4,1.5354713313896988,0.40816326530612246,1.2244897959183674,98.0,158,10500,3,15,750
test,src_u30000_s60k,verification,far_0_1pct,0.6180699594572211,0.14285714285714285,7.733333333333333,0.1457725947521866,5.850340136054422,1.2244897959183674,98.0,15,10500,43,15,750
test,src_u30000_s60k,verification,eer_operating,0.5956381883218718,0.7238095238095238,4.0,0.7385811467444121,2.0408163265306123,1.2244897959183674,98.0,76,10500,15,15,750
test,src_u30000_s60k,cross_text_verification,far_1pct,0.5765021844493275,1.1746031746031746,13.777777777777779,1.348396501457726,1.0204081632653061,1.293731778425656,87.1111111111111,74,6300,4,58,450
test,src_u30000_s60k,cross_text_verification,far_0_1pct,0.6180699594572211,0.15873015873015872,19.77777777777778,0.18221574344023322,7.908163265306123,1.293731778425656,87.1111111111111,10,6300,31,58,450
test,src_u30000_s60k,cross_text_verification,eer_operating,0.5956381883218718,0.6507936507936508,15.555555555555555,0.7470845481049563,3.061224489795918,1.293731778425656,87.1111111111111,41,6300,12,58,450
test,src_u45000_s60k,verification,far_1pct,0.5825706751439765,1.5809523809523809,2.533333333333333,1.6132167152575316,0.5442176870748299,1.098153547133139,98.0,166,10500,4,15,750
test,src_u45000_s60k,verification,far_0_1pct,0.6267698773446643,0.17142857142857143,8.533333333333333,0.1749271137026239,6.666666666666667,1.098153547133139,98.0,18,10500,49,15,750
test,src_u45000_s60k,verification,eer_operating,0.6014223139544821,0.8285714285714285,4.0,0.8454810495626822,2.0408163265306123,1.098153547133139,98.0,87,10500,15,15,750
test,src_u45000_s60k,cross_text_verification,far_1pct,0.5825706751439765,1.2222222222222223,14.444444444444443,1.403061224489796,1.7857142857142856,1.4759475218658893,87.1111111111111,77,6300,7,58,450
test,src_u45000_s60k,cross_text_verification,far_0_1pct,0.6267698773446643,0.1746031746031746,21.11111111111111,0.20043731778425655,9.438775510204081,1.4759475218658893,87.1111111111111,11,6300,37,58,450
test,src_u45000_s60k,cross_text_verification,eer_operating,0.6014223139544821,0.746031746031746,15.555555555555555,0.8564139941690961,3.061224489795918,1.4759475218658893,87.1111111111111,47,6300,12,58,450
test,src_u60000_s60k,verification,far_1pct,0.5829420444538859,1.380952380952381,2.533333333333333,1.4091350826044704,0.5442176870748299,0.9620991253644314,98.0,145,10500,4,15,750
test,src_u60000_s60k,verification,far_0_1pct,0.6262519798715506,0.14285714285714285,8.666666666666668,0.1457725947521866,6.802721088435375,0.9620991253644314,98.0,15,10500,50,15,750
test,src_u60000_s60k,verification,eer_operating,0.6019138810777261,0.6285714285714286,4.266666666666667,0.641399416909621,2.312925170068027,0.9620991253644314,98.0,66,10500,17,15,750
test,src_u60000_s60k,cross_text_verification,far_1pct,0.5829420444538859,1.1587301587301586,14.222222222222221,1.3301749271137027,1.530612244897959,1.3301749271137027,87.1111111111111,73,6300,6,58,450
test,src_u60000_s60k,cross_text_verification,far_0_1pct,0.6262519798715506,0.15873015873015872,21.11111111111111,0.18221574344023322,9.438775510204081,1.3301749271137027,87.1111111111111,10,6300,37,58,450
test,src_u60000_s60k,cross_text_verification,eer_operating,0.6019138810777261,0.6349206349206349,15.555555555555555,0.7288629737609329,3.061224489795918,1.3301749271137027,87.1111111111111,40,6300,12,58,450
