comparison_metric,difference_percentage_points,ci95_low_pp,ci95_high_pp,primary
cv_u45000_s60k_minus_cv_u30000_s60k/cross_text_verification/eer_operating/all_input_far,0.15873015873015886,-0.0825288778877889,0.7092198581560284,False
cv_u45000_s60k_minus_cv_u30000_s60k/cross_text_verification/eer_operating/all_input_frr,0.22222222222222365,0.0,0.6666666666666682,False
cv_u45000_s60k_minus_cv_u30000_s60k/cross_text_verification/eer_operating/far,0.1822157434402333,-0.094499321108979,0.815850815850816,False
cv_u45000_s60k_minus_cv_u30000_s60k/cross_text_verification/eer_operating/frr,0.25510204081632665,0.0,0.7792207792207793,False
cv_u45000_s60k_minus_cv_u30000_s60k/cross_text_verification/far_0_1pct/all_input_far,0.19047619047619047,0.0,0.6701030927835051,False
cv_u45000_s60k_minus_cv_u30000_s60k/cross_text_verification/far_0_1pct/all_input_frr,-0.6666666666666654,-2.0000000000000018,0.0,False
cv_u45000_s60k_minus_cv_u30000_s60k/cross_text_verification/far_0_1pct/far,0.21865889212827985,0.0,0.7656291669444627,False
cv_u45000_s60k_minus_cv_u30000_s60k/cross_text_verification/far_0_1pct/frr,-0.765306122448979,-2.3255813953488373,0.0,False
cv_u45000_s60k_minus_cv_u30000_s60k/cross_text_verification/far_1pct/all_input_far,-0.04761904761904773,-0.6250000000000002,0.40816326530612246,False
cv_u45000_s60k_minus_cv_u30000_s60k/cross_text_verification/far_1pct/all_input_frr,0.0,0.0,0.0,False
cv_u45000_s60k_minus_cv_u30000_s60k/cross_text_verification/far_1pct/far,-0.05466472303207008,-0.7137334315169369,0.47695227680024765,False
cv_u45000_s60k_minus_cv_u30000_s60k/cross_text_verification/far_1pct/frr,0.0,0.0,0.0,False
cv_u45000_s60k_minus_cv_u30000_s60k/cross_text_verification/pooled_eer,0.10932944606414,-0.24937655860349134,0.5194842686182177,False
cv_u45000_s60k_minus_cv_u30000_s60k/cross_text_verification/query_coverage,0.0,0.0,0.0,False
cv_u45000_s60k_minus_cv_u30000_s60k/verification/eer_operating/all_input_far,0.2,-0.17525773195876287,1.2061855670103094,False
cv_u45000_s60k_minus_cv_u30000_s60k/verification/eer_operating/all_input_frr,0.13333333333333322,0.0,0.40000000000000036,False
cv_u45000_s60k_minus_cv_u30000_s60k/verification/eer_operating/far,0.20408163265306106,-0.1788344203660846,1.230801598990111,False
cv_u45000_s60k_minus_cv_u30000_s60k/verification/eer_operating/frr,0.1360544217687075,0.0,0.40816326530612246,False
cv_u45000_s60k_minus_cv_u30000_s60k/verification/far_0_1pct/all_input_far,0.11428571428571434,-0.08247422680412372,0.6565656565656566,False
cv_u45000_s60k_minus_cv_u30000_s60k/verification/far_0_1pct/all_input_frr,-1.6,-3.4666666666666663,-0.26666666666666644,False
cv_u45000_s60k_minus_cv_u30000_s60k/verification/far_0_1pct/far,0.11661807580174927,-0.08415737428992212,0.6699649556792413,False
cv_u45000_s60k_minus_cv_u30000_s60k/verification/far_0_1pct/frr,-1.6326530612244898,-3.537414965986395,-0.272108843537415,False
cv_u45000_s60k_minus_cv_u30000_s60k/verification/far_1pct/all_input_far,-0.16190476190476172,-0.783598376837025,0.16666666666666669,False
cv_u45000_s60k_minus_cv_u30000_s60k/verification/far_1pct/all_input_frr,-0.13333333333333322,-0.8,0.4,False
cv_u45000_s60k_minus_cv_u30000_s60k/verification/far_1pct/far,-0.16520894071914496,-0.7995901804459443,0.1700680272108842,False
cv_u45000_s60k_minus_cv_u30000_s60k/verification/far_1pct/frr,-0.1360544217687075,-0.8163265306122446,0.4081632653061223,False
cv_u45000_s60k_minus_cv_u30000_s60k/verification/pooled_eer,0.2332361516034987,-0.32918054807455754,0.45026409912852783,False
cv_u45000_s60k_minus_cv_u30000_s60k/verification/query_coverage,0.0,0.0,0.0,False
cv_u60000_s60k_minus_cv_u30000_s60k/cross_text_verification/eer_operating/all_input_far,0.09523809523809529,0.0,0.31249999999999994,True
cv_u60000_s60k_minus_cv_u30000_s60k/cross_text_verification/eer_operating/all_input_frr,0.22222222222222365,0.0,0.6666666666666682,True
cv_u60000_s60k_minus_cv_u30000_s60k/cross_text_verification/eer_operating/far,0.10932944606414,0.0,0.3611593228399123,True
cv_u60000_s60k_minus_cv_u30000_s60k/cross_text_verification/eer_operating/frr,0.25510204081632665,0.0,0.7792207792207793,True
cv_u60000_s60k_minus_cv_u30000_s60k/cross_text_verification/far_0_1pct/all_input_far,0.031746031746031744,-0.06944444444444446,0.2660289407458237,True
cv_u60000_s60k_minus_cv_u30000_s60k/cross_text_verification/far_0_1pct/all_input_frr,-0.22222222222222088,-1.3333333333333335,0.6666666666666654,True
cv_u60000_s60k_minus_cv_u30000_s60k/cross_text_verification/far_0_1pct/far,0.03644314868804666,-0.07921027630122249,0.3078849344028484,True
cv_u60000_s60k_minus_cv_u30000_s60k/cross_text_verification/far_0_1pct/frr,-0.25510204081632615,-1.5306122448979596,0.7575757575757576,True
cv_u60000_s60k_minus_cv_u30000_s60k/cross_text_verification/far_1pct/all_input_far,-0.22222222222222227,-0.8763594652769913,0.1683931148216859,True
cv_u60000_s60k_minus_cv_u30000_s60k/cross_text_verification/far_1pct/all_input_frr,0.0,0.0,0.0,True
cv_u60000_s60k_minus_cv_u30000_s60k/cross_text_verification/far_1pct/far,-0.2551020408163265,-0.992889469739079,0.19662979255814542,True
cv_u60000_s60k_minus_cv_u30000_s60k/cross_text_verification/far_1pct/frr,0.0,0.0,0.0,True
cv_u60000_s60k_minus_cv_u30000_s60k/cross_text_verification/pooled_eer,0.10932944606414,-0.25706140645687253,0.29924626277410304,True
cv_u60000_s60k_minus_cv_u30000_s60k/cross_text_verification/query_coverage,0.0,0.0,0.0,True
cv_u60000_s60k_minus_cv_u30000_s60k/verification/eer_operating/all_input_far,0.009523809523809615,-0.20408163265306123,0.24742268041237114,True
cv_u60000_s60k_minus_cv_u30000_s60k/verification/eer_operating/all_input_frr,-0.13333333333333322,-0.40000000000000036,0.0,True
cv_u60000_s60k_minus_cv_u30000_s60k/verification/eer_operating/far,0.009718172983478983,-0.20824656393169522,0.25247212286976656,True
cv_u60000_s60k_minus_cv_u30000_s60k/verification/eer_operating/frr,-0.1360544217687075,-0.40816326530612246,0.0,True
cv_u60000_s60k_minus_cv_u30000_s60k/verification/far_0_1pct/all_input_far,0.0,-0.19003723404255338,0.18181818181818177,True
cv_u60000_s60k_minus_cv_u30000_s60k/verification/far_0_1pct/all_input_frr,-0.6666666666666667,-2.2666666666666666,0.5333333333333329,True
cv_u60000_s60k_minus_cv_u30000_s60k/verification/far_0_1pct/far,0.0,-0.19391554494138066,0.1855287569573284,True
cv_u60000_s60k_minus_cv_u30000_s60k/verification/far_0_1pct/frr,-0.6802721088435375,-2.3129251700680276,0.54421768707483,True
cv_u60000_s60k_minus_cv_u30000_s60k/verification/far_1pct/all_input_far,-0.26666666666666644,-0.7732208180911208,0.010204081632653055,True
cv_u60000_s60k_minus_cv_u30000_s60k/verification/far_1pct/all_input_frr,0.0,-0.8,0.8,True
cv_u60000_s60k_minus_cv_u30000_s60k/verification/far_1pct/far,-0.272108843537415,-0.7890008347868577,0.01041232819658476,True
cv_u60000_s60k_minus_cv_u30000_s60k/verification/far_1pct/frr,0.0,-0.8163265306122446,0.8163265306122449,True
cv_u60000_s60k_minus_cv_u30000_s60k/verification/pooled_eer,0.09718172983479122,-0.3504432075860648,0.272108843537415,True
cv_u60000_s60k_minus_cv_u30000_s60k/verification/query_coverage,0.0,0.0,0.0,True
src_u45000_s60k_minus_src_u30000_s60k/cross_text_verification/eer_operating/all_input_far,0.09523809523809529,0.0,0.3092783505154639,False
src_u45000_s60k_minus_src_u30000_s60k/cross_text_verification/eer_operating/all_input_frr,0.0,-0.6666666666666654,0.6666666666666654,False
src_u45000_s60k_minus_src_u30000_s60k/cross_text_verification/eer_operating/far,0.1093294460641399,0.0,0.3536345776031433,False
src_u45000_s60k_minus_src_u30000_s60k/cross_text_verification/eer_operating/frr,0.0,-0.7614213197969542,0.7614213197969545,False
src_u45000_s60k_minus_src_u30000_s60k/cross_text_verification/far_0_1pct/all_input_far,0.015873015873015872,-0.07017543859649122,0.16835016835016836,False
src_u45000_s60k_minus_src_u30000_s60k/cross_text_verification/far_0_1pct/all_input_frr,1.3333333333333335,-0.22222222222222365,3.5555555555555562,False
src_u45000_s60k_minus_src_u30000_s60k/cross_text_verification/far_0_1pct/far,0.01822157434402333,-0.08146639511201628,0.19268566380289257,False
src_u45000_s60k_minus_src_u30000_s60k/cross_text_verification/far_0_1pct/frr,1.530612244897958,-0.258397932816537,4.020100502512563,False
src_u45000_s60k_minus_src_u30000_s60k/cross_text_verification/far_1pct/all_input_far,0.04761904761904773,-0.10204081632653061,0.3472222222222224,False
src_u45000_s60k_minus_src_u30000_s60k/cross_text_verification/far_1pct/all_input_frr,0.6666666666666654,0.0,1.7777777777777755,False
src_u45000_s60k_minus_src_u30000_s60k/cross_text_verification/far_1pct/far,0.05466472303206991,-0.11632528469637943,0.39819401813000527,False
src_u45000_s60k_minus_src_u30000_s60k/cross_text_verification/far_1pct/frr,0.7653061224489796,0.0,2.0151133501259446,False
src_u45000_s60k_minus_src_u30000_s60k/cross_text_verification/pooled_eer,0.1822157434402333,-0.11454125672619718,0.3959342546121187,False
src_u45000_s60k_minus_src_u30000_s60k/cross_text_verification/query_coverage,0.0,0.0,0.0,False
src_u45000_s60k_minus_src_u30000_s60k/verification/eer_operating/all_input_far,0.10476190476190472,-0.08163265306122443,0.5360824742268042,False
src_u45000_s60k_minus_src_u30000_s60k/verification/eer_operating/all_input_frr,0.0,-0.3999999999999997,0.3999999999999997,False
src_u45000_s60k_minus_src_u30000_s60k/verification/eer_operating/far,0.10689990281827019,-0.08329862557267809,0.5470229328844941,False
src_u45000_s60k_minus_src_u30000_s60k/verification/eer_operating/frr,0.0,-0.4081632653061221,0.40816326530612246,False
src_u45000_s60k_minus_src_u30000_s60k/verification/far_0_1pct/all_input_far,0.028571428571428564,0.0,0.12121212121212126,False
src_u45000_s60k_minus_src_u30000_s60k/verification/far_0_1pct/all_input_frr,0.7999999999999994,-0.5333333333333335,2.666666666666667,False
src_u45000_s60k_minus_src_u30000_s60k/verification/far_0_1pct/far,0.029154518950437316,0.0,0.12368583797155229,False
src_u45000_s60k_minus_src_u30000_s60k/verification/far_0_1pct/frr,0.8163265306122449,-0.54421768707483,2.72108843537415,False
src_u45000_s60k_minus_src_u30000_s60k/verification/far_1pct/all_input_far,0.07619047619047606,-0.10101010101010104,0.36363636363636387,False
src_u45000_s60k_minus_src_u30000_s60k/verification/far_1pct/all_input_frr,0.13333333333333322,0.0,0.4,False
src_u45000_s60k_minus_src_u30000_s60k/verification/far_1pct/far,0.0777453838678329,-0.10307153164296023,0.371057513914657,False
src_u45000_s60k_minus_src_u30000_s60k/verification/far_1pct/frr,0.1360544217687074,0.0,0.40816326530612246,False
src_u45000_s60k_minus_src_u30000_s60k/verification/pooled_eer,-0.12633624878522834,-0.25767882910740053,0.3335627506134417,False
src_u45000_s60k_minus_src_u30000_s60k/verification/query_coverage,0.0,0.0,0.0,False
src_u60000_s60k_minus_src_u30000_s60k/cross_text_verification/eer_operating/all_input_far,-0.01587301587301585,-0.1736111111111111,0.14999999999999997,True
src_u60000_s60k_minus_src_u30000_s60k/cross_text_verification/eer_operating/all_input_frr,0.0,-0.6666666666666654,0.6666666666666654,True
src_u60000_s60k_minus_src_u30000_s60k/cross_text_verification/eer_operating/far,-0.01822157434402333,-0.19849738174295078,0.1713013214421665,True
src_u60000_s60k_minus_src_u30000_s60k/cross_text_verification/eer_operating/frr,0.0,-0.7614213197969542,0.7614213197969545,True
src_u60000_s60k_minus_src_u30000_s60k/cross_text_verification/far_0_1pct/all_input_far,0.0,-0.10638297872340426,0.1515932521087149,True
src_u60000_s60k_minus_src_u30000_s60k/cross_text_verification/far_0_1pct/all_input_frr,1.3333333333333335,0.22222222222222088,2.888888888888888,True
src_u60000_s60k_minus_src_u30000_s60k/cross_text_verification/far_0_1pct/far,0.0,-0.12341619197485772,0.1742210922939793,True
src_u60000_s60k_minus_src_u30000_s60k/cross_text_verification/far_0_1pct/frr,1.530612244897958,0.25380710659898487,3.2911392405063298,True
src_u60000_s60k_minus_src_u30000_s60k/cross_text_verification/far_1pct/all_input_far,-0.01587301587301585,-0.14492753623188415,0.1030927835051547,True
src_u60000_s60k_minus_src_u30000_s60k/cross_text_verification/far_1pct/all_input_frr,0.44444444444444453,0.0,1.3333333333333335,True
src_u60000_s60k_minus_src_u30000_s60k/cross_text_verification/far_1pct/far,-0.018221574344023418,-0.16793513995203382,0.11900275872429449,True
src_u60000_s60k_minus_src_u30000_s60k/cross_text_verification/far_1pct/frr,0.5102040816326531,0.0,1.5424164524421593,True
src_u60000_s60k_minus_src_u30000_s60k/cross_text_verification/pooled_eer,0.03644314868804666,-0.2525252525252526,0.22897259015337146,True
src_u60000_s60k_minus_src_u30000_s60k/cross_text_verification/query_coverage,0.0,0.0,0.0,True
src_u60000_s60k_minus_src_u30000_s60k/verification/eer_operating/all_input_far,-0.09523809523809519,-0.375,0.0,True
src_u60000_s60k_minus_src_u30000_s60k/verification/eer_operating/all_input_frr,0.26666666666666644,-0.2666666666666668,0.9333333333333332,True
src_u60000_s60k_minus_src_u30000_s60k/verification/eer_operating/far,-0.09718172983479104,-0.3826530612244899,0.0,True
src_u60000_s60k_minus_src_u30000_s60k/verification/eer_operating/frr,0.272108843537415,-0.272108843537415,0.9523809523809528,True
src_u60000_s60k_minus_src_u30000_s60k/verification/far_0_1pct/all_input_far,0.0,-0.05154639175257731,0.04255319148936173,True
src_u60000_s60k_minus_src_u30000_s60k/verification/far_0_1pct/all_input_frr,0.9333333333333332,-0.13333333333333391,2.533333333333333,True
src_u60000_s60k_minus_src_u30000_s60k/verification/far_0_1pct/far,0.0,-0.05259835893120135,0.043421623968736445,True
src_u60000_s60k_minus_src_u30000_s60k/verification/far_0_1pct/frr,0.9523809523809532,-0.1360544217687075,2.5850340136054415,True
src_u60000_s60k_minus_src_u30000_s60k/verification/far_1pct/all_input_far,-0.12380952380952379,-0.41306221889055467,0.0618556701030927,True
src_u60000_s60k_minus_src_u30000_s60k/verification/far_1pct/all_input_frr,0.13333333333333322,0.0,0.4,True
src_u60000_s60k_minus_src_u30000_s60k/verification/far_1pct/far,-0.12633624878522834,-0.4214920600924026,0.06311803071744146,True
src_u60000_s60k_minus_src_u30000_s60k/verification/far_1pct/frr,0.1360544217687074,0.0,0.40816326530612246,True
src_u60000_s60k_minus_src_u30000_s60k/verification/pooled_eer,-0.26239067055393583,-0.4081632653061227,0.20640239241764058,True
src_u60000_s60k_minus_src_u30000_s60k/verification/query_coverage,0.0,0.0,0.0,True
